7,12174718513091	2,94797581493157
4,21615361353253	0,740919298357072
5,84484616991861	2,85421670687683
9,90641625728056	6,18925312522451
5,67044825089067	4,76953895130312
9,81982977715851	5,13532252250698
2,20821175855068	3,10769289682844
10,2170564839972	3,21060370508744
3,21305745446303	1,15492297527583
3,5857816366172	0,887316391129896
9,8741800274392	6,15322428154544
7,46264149015415	2,39011077437079
5,50573354904232	5,71211222386912
11,1043983880956	2,71773078965876
2,75698535736705	5,30901117314263
6,77046433570681	4,60534934726423
6,800420511412	4,36848786229812
4,20663501628079	0,800457413559213
5,15785548777892	5,30640856058586
9,07668244048432	6,8326858852359
9,69836199812257	5,94668660721001
9,84261080257041	5,86671332741674
6,63858581690465	4,32007308853463
9,25172084756487	6,4642910560571
8,93160182345211	7,49958741595464
10,507953783567	3,13610612073747
10,1401533990475	3,07970152039356
6,31232929967134	4,97304071952233
7,47919313171909	7,85366658413122
6,54303572469268	4,6587219279049
3,62846338810134	1,01979948469485
6,5322572098092	9,104512714327
7,05183757556617	3,78762921912132
10,5800577729502	0,376959821614787
3,67558300569963	0,924691959610146
9,23811950884383	5,83447015864286
3,77964483509945	0,835556197275935
9,79049108123621	5,82510433435543
3,67010089629794	1,17961024108529
10,6367797240598	5,48963333703157
7,04933792291249	3,51492886859796
6,36511338021354	3,59084568307155
9,94211419395476	5,87663192878923
9,28201009461807	6,85622071297234
9,27216467654259	6,72808238147943
9,60636243649888	7,08972220015563
5,17607370095225	-0,422065795604574
6,98938769287106	4,41686952496026
3,47921148834628	1,08964965756357
10,0462361020929	6,04377299735711
5,98474057240663	5,01664602101182
7,66402817409277	2,48525503865755
6,52493840517024	4,15661770763039
7,24681086343288	8,05773824892049
3,71610387097544	0,571816720612354
10,8248093408997	4,62491934346355
6,82041116530511	3,81777811651042
3,13652666824044	1,02900705417283
9,98134773045821	5,95972017340784
5,76267742262595	4,08712867568295
3,46578139854136	0,928009297135612
3,54681077002053	1,16003490251096
7,3768350370088	-1,90480787796712
10,3855152488748	5,49810473849042
6,6022191559838	3,69429651726543
10,7460057570554	4,27910818647766
6,21157073005375	2,55734321489391
6,22884862927884	-1,27468296846179
6,78925903938955	4,55885225202044
6,0328552644331	-0,68605967943135
6,29937590015536	5,56247311305878
8,21403271408391	7,22650405859793
3,1481862217562	0,253189053044963
10,3643803297482	6,08216294176514
3,43684252281488	0,978688657294344
5,89350599073113	3,92312201166122
6,69869579563075	4,31928462638405
7,24492924356462	5,18630466705643
10,0815339461653	5,88859489839966
6,80373660784629	4,40834844107515
7,06604433299855	2,803391318001
6,87884807056371	4,21106525313047
6,69340018569714	4,20775890167922
4,96937993545293	-0,130218807744159
7,75423926885758	2,82722596060224
10,1624244304847	5,95142527934741
7,41070688225968	9,28904948856096
3,05837118570344	2,14876826550959
2,25602435062614	3,13121325750226
4,15348157878579	0,761200140777745
8,83508695370398	7,87508857673761
5,93944812427505	-0,280123606824281
10,2354262530471	6,43769593653466
4,09639029341232	0,886830057618124
6,76847721375919	2,80288610553846
3,30874532916718	2,58851917187813
3,05321365028907	1,75395066269055
10,1559636718916	4,18484598219564
3,66213474235814	0,0791678940478411
3,4979873027005	0,922303427935474
3,5176966196871	1,10680834233178
6,03755337892466	4,15230364622476
9,8392249342389	4,56976273283359
10,1160225575815	5,86651013342945
9,47055958286575	6,1842320864757
7,56271924713082	3,67880716564788
6,36792504219071	2,87888801698151
10,1056065819923	5,71104632290627
5,97905411811131	-0,574153471954335
9,8766442435968	5,68691118449695
3,34457665581552	1,01961513264727
9,9760516309226	4,30166366357588
11,0985966503522	3,28448009382077
6,73081709754809	4,31466452290093
5,78695149075449	-1,3441535129297
9,17037832351451	6,21599600054459
9,55831413649101	6,03554201599008
7,76078100463155	3,93256205639341
10,4864008115091	5,5414722210746
6,78591574417296	4,33955332516715
6,37719093902691	-1,46047360497538
10,2243366703959	6,60499226372843
9,43597447787449	6,72090692190687
6,17164188414187	2,60031479696458
10,5911737416318	0,403519279830481
4,21554112676683	0,336012656079438
3,05301508578288	2,06318167744434
6,25726463048356	6,28170579913892
5,58758802522957	5,76438670164441
3,46825093513045	1,24564379644748
6,66488590466669	4,16093251779197
7,63149289867443	-1,63788150610407
6,30103948302685	3,90644768662897
3,17560989882633	1,19198860079054
3,73610372918325	1,5295807755037
6,34600125307361	4,05185646676532
9,07352583609649	7,0105489017761
2,54315528233062	1,20328404239908
3,6282320188997	0,980000306833909
3,29135951607456	1,08627179485474
3,48002891996462	0,964796402842169
7,07577495701156	3,32892493108844
9,74056600884076	6,91405766927522
6,6748571880709	4,22326032266359
10,1451198339267	5,95645278477898
6,84769292462051	2,34049152075987
4,5374489823648	0,730960623117503
3,8186698807367	0,767691255403377
10,2105000138419	4,95194311914283
6,45183738974773	-0,770266427433836
9,34837856843938	6,6254463279794
9,6693293685686	7,30509053958907
9,85310494076304	5,96123657086503
2,02530100717335	5,04717836133522
9,85917853340658	1,7367073601919
6,73938416159577	4,31354138721625
3,81192142587795	1,01291716545095
9,94905618280026	5,80600473713316
4,08807964558873	0,365289756828499
3,32189950330011	2,637607012246
9,51208561803529	5,86605594518671
2,92512231857024	2,37958422405329
10,3969017845276	6,33110277289739
3,35417423194005	0,775436706746331
6,95966168381853	4,35060921780886
8,66494995670255	7,47315212400584
3,12385779844817	1,15490492658042
10,6643567916006	6,08995615836488
9,84903185947718	5,82100233068793
9,96468955026181	6,01226387632859
6,6785521481119	3,64386253265989
10,5934058216397	0,41065184585353
9,96451196705749	5,93849497031098
10,4371171052417	5,42606621410803
6,57231367854527	4,53472840343017
3,25817161755505	0,381715886700391
6,13116687920123	4,65297718195551
2,44682568895951	2,78126374022578
6,75910105345705	5,46871963079626
6,66465700268351	4,18502338987085
9,95492498201976	6,00049554360971
10,1816865226689	5,67111914298232
3,40381527517739	2,0097071670652
3,80559045731162	1,51325846793704
9,4288037044201	7,70467828236362
7,32739053402953	3,3609421002406
4,632743534757	-0,702689958443062
7,13402872181221	2,59064370262398
6,6321890026709	4,25496255173144
6,42212095576741	3,44840101180102
9,7138778194289	5,93820790799894
3,50848466881773	1,00788994784891
9,4296190464888	5,76875002594528
3,3188360000907	4,43308514391504
5,98433807458463	4,94220616267759
10,6110467821485	0,351465463928784
5,6260886756506	4,26917734977691
3,56948883378742	0,959843104319436
3,04098671065593	1,8844362655468
5,15226338662682	-0,296153042854881
3,50575599998931	1,0679886478982
6,41916268977313	3,50637911128859
6,47032189865734	4,15738048326748
2,76008266551493	1,46270392428598
6,29342580728738	4,16505977880793
6,07317108410471	-1,06770835990508
4,77073055497799	-0,179173025198719
8,40782695905676	7,96603900873793
3,59159528011483	1,52714306830389
5,06507599467957	-0,74126369536437
9,96140534666611	7,28109349946061
10,0004017008903	-2,85065234820226
6,74114578918795	-1,09239896900483
6,76926200613629	4,22290303462659
5,972739017524	4,98803843200471
9,62497195035395	-3,17273920154656
6,7371919442217	3,736154801303
6,63580374734506	3,92408213914169
6,09099626631665	6,58086786480458
2,53657965565432	1,96246606873198
6,40612464947346	4,67094089519097
6,49330462381764	4,01596188736144
7,0890100741109	-1,4771923757289
9,68400448794136	5,60749146743374
7,44702591452337	3,55885082631572
10,2963553018195	5,51038927225859
9,06343873349034	6,09399285921685
6,68136648383086	4,30822954497151
9,66074953204955	6,56024783052679
9,81492880336395	4,61889825168365
4,91366680694453	0,0920238465870851
3,5293432129821	2,41952780744788
9,88522149598886	5,55097235824132
5,84714450365512	5,64443026415787
6,51350266422098	4,28627194884083
3,36559870755698	2,03901403807075
8,59046851605204	7,00736696959295
9,15427124007016	6,8427335507188
6,70446588398779	4,30603003952343
7,39002893350108	2,20030340933899
6,33409720236156	5,71909630723271
10,1071968143601	6,33286995130538
7,20578650786424	3,92763440847805
10,1481321204332	6,439804966392
3,53495271277	0,920868401840009
6,13234222454866	4,04930948300086
5,63459380072759	4,92727697468665
3,85439828973029	1,25241558478364
3,4657864276272	1,59528160169308
3,38490911011049	0,669650206236221
3,5655520422575	2,03995325334246
10,4628159735582	5,84638166430859
2,16704489197537	2,03306898184743
9,83134949459904	5,42234033177253
9,75678669342559	5,85462287512766
3,49627645860227	1,08335023594542
7,01058751544896	4,18186068919823
7,66503350784084	4,53622291749637
3,48461989476865	0,621506220598304
6,67839815214642	4,34579230072386
2,57883027908595	2,27580753475396
9,7044112400618	0,603959112499528
2,79247287077407	1,92164683783351
5,29691124859279	5,11870998194291
3,90887549264533	0,420764662785854
5,93815405871643	4,03772184387647
7,38418633700956	4,76760339995262
9,25087608370779	6,21910363511916
9,74519123115248	5,12382747444051
9,73469590260945	4,15217216411608
5,34840786720959	4,91149438309378
9,87787546328939	2,0067921698036
9,26446611653675	6,40386721973558
3,19238671829744	1,45341254457992
6,61508227238553	4,71098456451399
5,24491041394827	-0,115175663057032
5,69467146352149	5,08989205976107
9,88551246288546	5,4024150732454
2,57157546307877	2,56326281442966
2,61395027137331	1,02212001474546
4,28249802407701	1,15521390023491
6,47479442759429	5,06080815967357
5,46501140359568	9,19050304569844
5,77038312490886	-1,50884725068139
3,71001194390545	0,903290699114264
6,56289689202958	5,41786809840393
5,90736318677353	4,64693573077838
10,4064273258117	0,70526027606043
3,71449316137852	1,69601651344813
6,04107596916098	3,02245408535384
6,61777285063481	4,57951232066747
7,03194210408221	4,91404611546736
5,66938283506102	-1,01323881823535
6,81900679468774	4,25985679921259
6,76108686893464	4,28377939609761
6,63567169659858	4,20960421546943
6,91390302989304	3,06154664557284
6,79063173963267	5,44011425998762
6,4025422338805	2,87237908000277
3,53808094834945	0,937230225902077
9,9604780483679	5,86923272196327
4,08813030998156	-0,549591273368517
6,5847925958508	4,45850526337631
8,42355639049659	7,30280399513839
5,89983114623122	3,95970575393958
10,0463466028363	5,97739905205436
3,18095983681826	5,62542355200844
3,4835318527275	0,9749854475198
7,19661545802624	5,06775905723773
6,03253836750617	2,96666910998399
9,71149537518041	4,70923531333206
6,45166859949882	4,0887264063091
3,04857118474251	0,752448929103074
6,47177459550822	4,34680902198751
3,31187934257756	0,908320717392764
5,4553234418814	4,61841696928757
2,04379336995206	5,11261558903548
2,66216921874284	1,35509422105533
5,8481572078857	5,9864583952674
7,20004745128656	9,49759628475025
9,3785767997269	6,19588799878986
9,67014837318027	5,61509173240273
6,54131597063697	-1,38989003773806
6,88943595315345	3,56311736796154
7,39843819788431	4,63600262993194
8,18070174351396	8,76907886212609
6,95070002395964	5,7032063145891
5,92748521628221	3,84776147963469
11,0026259268086	4,91608968315677
6,89576755284217	5,43754403246501
3,31096612572635	1,69527446304075
2,65646868430519	4,44450481939365
6,63928021474651	4,39850488992125
4,52894608474841	-0,412282040525824
3,04080027326998	1,75813522463216
9,7968612745498	5,79665435260141
9,89391041812616	6,00718715757324
6,73980439698969	4,66195154800146
6,052828021112	3,71042836497629
6,1785629969671	3,10229261849938
5,94444540855331	3,65947182677327
9,97601286501142	5,83390859772376
6,69878910027464	4,3187211148982
7,4015277273162	4,79968968227293
10,090321907239	5,92410298798474
9,96347075803014	5,8591892679022
3,49109887568443	0,958362525539422
9,34848505488527	7,35541686152687
6,9915450464825	3,65628586670823
7,83155494778489	8,58846465732365
7,35299481663776	3,99402170188139
9,94679551985619	5,85755638560183
3,29747175528921	4,95329431064715
9,86812033786203	2,74493699072325
10,1862385453973	6,43594022843541
10,4650582300086	2,45141790834066
10,3134069349048	4,14935519815326
6,7103555268767	3,02915727633051
6,10507618101405	3,11464159238452
3,21719881857016	1,34919174909769
10,6610151780061	4,02870391745859
9,6698361064124	5,53789384202927
6,95255603997527	4,48160068803152
10,8981812394867	4,96834979772985
5,7727159220558	-1,01512180073196
5,41685152573573	-0,137253246560776
9,56751506370916	5,72633914780232
6,98813764501801	4,335416912451
7,37723403861048	3,89522566796698
4,2615587769973	1,18129699330465
10,6636789004664	5,46721282278733
8,24648404990644	7,63843049050991
7,11274542578333	2,97076476851566
6,70486584700639	4,54075340941007
9,01044309539933	7,19303685442997
6,49997416905467	3,8585215633225
9,79951996049	4,65116030545159
8,16464394843631	7,36461356202465
6,4235076070829	-0,484791170369706
3,03827740228369	1,52063547539766
6,7852390467429	4,46809431305737
10,3282748903325	0,995191534894408
10,509324595384	5,4582173879494
5,92793149739846	-0,584543995248428
9,99200096000944	5,80425837285123
9,74541776113923	5,03313630786293
4,41709464892157	-0,210036166227488
6,78799183642808	2,58199080399656
6,36146987112631	4,43851189179684
10,6488185390824	5,33316058213591
6,64212262805042	4,00592424218296
9,98063936995742	6,47421806729542
6,37600291576994	4,2900070813771
3,17438586402147	3,21908303939511
9,75691193258037	5,80684094750564
9,9613354548395	5,10508997818017
10,3696893957941	5,66103353497886
6,60671576701195	4,24595202546075
2,6419595739484	2,78337415079902
5,41560935486494	-0,0771054918638858
4,15044586247755	0,496609119373996
10,542326997607	5,53633348237527
5,95177863210102	9,04465488085645
10,0307691962252	5,82820213642792
3,02852345374707	1,69694528848963
3,2015615247115	1,04724386954363
3,61004222988516	0,247328420718664
3,34637806710346	1,93531356434162
10,9450802668963	2,82302614703463
5,85962417253008	4,06661189010912
6,21040466548058	4,85724132553164
7,46089399553103	3,55261211291651
6,68758430412132	-0,601990588164787
7,56080578867099	2,18263339812397
4,79420804789416	0,503441192063998
6,16260728799858	8,99218910858429
3,87559420252074	-0,0776172109767482
10,4410032404957	6,07757481237846
9,96000540087941	5,73554599219123
10,70976908827	5,98544150593633
6,05575066113495	3,86306173682495
2,17760787513884	5,29218087939012
10,3027529049339	6,49774906631621
7,1982788133078	4,66008831725175
9,10090514057539	7,56553770278458
6,67241294630227	3,92687264057313
2,97889242653904	1,2334763783545
3,73860844017428	1,72089575812109
7,19509989642864	2,36065208361556
6,86960050921302	4,88372834259361
2,97926281157112	1,69732741868534
6,1576272469967	3,76820996109854
7,8546569813959	8,77755985131199
3,24159991531382	0,898798095549485
2,99292716686394	2,7545502485308
7,12775095034856	2,99427650119814
6,6625474744672	3,55178523688528
7,31304388110861	2,82667958478504
4,3067558365585	-0,793087662892544
6,06850591670541	6,20712401043407
5,55946885178976	9,76164973657084
2,49692062928771	3,90876370129456
5,55794422131955	5,7734506623535
6,24961146154245	3,51222063891327
7,53211044060601	-1,10603572028739
6,45541990638509	4,09655321287894
10,5596087510076	4,07775056931147
6,61091677220175	4,51382942687236
3,73834413839459	1,40697145492652
6,8834873944864	4,51857932816599
1,99508143638677	2,5238064840818
7,06529649981042	9,2243851372893
9,95750076427012	6,11483758760834
5,60910097189536	4,31643292783434
6,7191909427741	4,27181608965509
6,62888211197845	4,62635413600548
7,30803888394125	2,18194600727506
5,41290767749486	4,5904607600161
10,5647990854049	4,78981415071095
6,34032351906017	4,54842141218781
10,1670751230478	6,01756383886922
6,20752960180513	5,62962001120342
6,78947030736534	4,17651423980889
6,79937073390077	4,13653416422909
6,23313137737129	3,72865445983397
5,99966451252943	4,68975000648466
6,56345120204691	-1,02442011980182
8,66110261964763	8,11590382798232
9,72427194739141	5,89118201158657
10,24554780295	6,46839388368301
6,63526673875083	2,4944133060581
4,07349991488288	0,548939309361697
6,23432290579913	3,99780715144631
9,79999496398752	7,08366636815525
9,11022958780449	5,9611464763118
6,19733605588066	-0,510044924535933
8,22772878341725	8,44086379640883
7,7163067411025	8,20425974980405
9,28806639677694	6,07140780226349
4,44834755370728	0,915903780162615
6,69885551866157	4,31715305008693
3,82966290805918	1,18463235234888
3,88108149801797	1,02891843959555
6,71984685621365	4,08093121579535
3,39638533804762	0,592646683669409
2,21473309127838	2,27571442836816
5,90567013665765	5,37844571843149
3,63634731779522	5,3881861261919
9,74741178711896	5,81595990015539
9,58357450224524	5,88536674622324
6,26632712612212	3,96312889389139
3,71211634648702	1,09938500940189
10,3315187590581	5,43774764827025
7,47312553569514	-1,67425119239301
3,38618302794885	5,2957695838346
10,7021924305103	5,75448046825088
9,71078109580868	6,11919129437735
9,95395641216802	5,77098652593552
9,8121824081249	5,85525356524944
9,701363753256	1,69816146608259
6,3866631096346	-0,879980567616096
3,2658558433287	1,02502844879626
3,51531452900914	0,905738545706785
10,3865765603086	1,32950591311996
3,37461201580322	3,03658324697668
9,93877861928389	5,90312899851872
7,65022518986988	3,79415448889431
3,03190872924326	0,752949581343693
10,2521026111486	3,85559536325399
7,78743439951711	2,92887814660335
7,19835191369254	4,14383732974268
3,30751627189602	2,5805099652678
2,70142373154039	3,20593465107937
10,2214207373114	1,81215490138797
3,68876561783274	1,03997919588471
6,95823159754624	5,07563857545363
10,9802895013262	4,17791255080937
10,2744008225896	6,04456481539835
3,41466776972793	0,761685262613799
9,37564509154061	5,91423207298829
5,28208663771741	-1,24067636183344
6,50862696034746	4,67116632079389
5,49694769282667	-1,32456784367138
3,24701172438216	1,73216135490311
6,58726587552319	4,98854447767902
7,30895695193004	3,52363504733168
6,10958593226888	5,61498780131036
5,93475739470774	5,26233935557541
3,7201130446358	0,974309429368153
5,29353006051776	0,176607143986088
3,70844134345401	1,26291476902955
8,56320109927887	7,63634442219011
9,67725701077343	7,62963774739761
3,86835858071906	0,702096139992093
4,05979249947102	0,859550597793351
3,93070836050738	0,309953322504677
8,77870869115525	6,8407702519436
5,87855648512226	9,71036250992514
7,13266412822462	4,34866295863376
3,439222771309	1,77032150393394
7,12302872561807	3,75882832553227
6,0385435723981	4,32859417469355
3,42028400368408	0,449607525840854
9,66944610757096	6,40606670276837
3,0157329332572	4,27429670031144
2,28078461521927	4,55208487705994
7,33304819351851	4,43824649202907
7,12105490143642	4,78161455724315
5,87071148364277	4,73307334201138
3,76876843603128	0,696413731442768
10,2344940217479	5,4772961774724
10,8088769008638	3,62175710113877
9,99881978692678	6,44152967442113
7,17464486437051	4,39212061563356
10,814590435214	4,60935412569401
6,21211548655018	3,30554532065387
6,40630433153067	5,38743341382626
3,42694138298379	1,11851036605943
4,27917266174705	0,773288109937922
3,47832110364149	0,911114289405025
6,83789452718794	2,89871728459043
4,96675224977961	-0,572232637985771
10,354803641133	4,74838398933442
1,89385793114813	3,36405412544469
5,5223820585444	4,82427153889082
7,96251052464106	9,17675228265993
10,0590508200068	5,65371035965005
2,86728904623929	3,50584135672773
3,24987793289557	0,816729295240593
3,70522518978045	0,400285693964923
4,64866638100781	0,536891408442747
6,1368653526178	4,1913488617269
5,84150632268145	6,33458148310189
6,54582057362001	3,41611292933151
6,65170769999001	4,99780654846318
9,3258847212042	6,01605101862637
7,47395134453792	2,87694142657916
10,321804888065	0,480551844036779
7,05264094496215	4,91858708387233
9,66555750571588	4,89361947835882
4,17464394536384	-0,630329800863043
3,15510498857746	3,76942043965734
5,70060034248161	-0,377605320367767
6,26044039088407	9,20426094010438
6,57520566113103	4,39237459032079
5,97667584018015	4,39911502189379
3,52012536885134	0,786764964522493
9,27025931761529	5,99521247057863
9,90115732428869	5,84412380078886
9,93492002920904	5,87405357618473
3,56469231003052	0,353495215848975
6,65819927946883	4,06636497861434
9,60836802196699	5,72061018049992
3,700653554853	1,2340777374664
3,49790069298662	1,61728403536543
6,72713816792589	5,60191328152949
10,8520114414811	4,5135066831691
9,77339847914201	5,95784686130093
3,99296706347707	0,222430280452568
10,4215748769468	5,59415488430207
6,52725173125262	5,06871866869699
6,75618379901365	4,11175919119941
2,87955542724149	0,845556850476105
9,4569636915559	6,85007033957324
5,73187030287296	4,85423129799141
6,67433990717621	-1,44776507916974
5,79739705253625	5,03129473888487
7,34409558871508	8,41713269177533
6,87768763267921	4,46842182751498
6,62457080123086	4,43790282601291
5,03087829954734	-0,850714856976916
2,97211254157201	4,2415584924487
7,00463193956266	2,64657429992692
9,53365186764412	5,929631791627
9,56687109909161	6,30604632167031
7,58207000560948	3,80330508808654
8,71691212507442	7,2138903295722
10,6047449152038	0,535307149179237
3,12736493961412	2,49352988809192
3,23134940050871	0,854819756623579
6,76617567245696	2,61938932385491
5,43145008777988	-0,0967886272405443
2,92802339279541	2,29759085007289
3,5564904974261	1,8326896223224
10,6207117534909	5,00554950922641
10,8935496311241	0,871226675262187
9,63654388264346	6,3212250765439
6,2276984124458	2,57303848141496
9,89945856215099	6,00228597449844
6,75544985822853	4,3492438496702
3,52313051429284	0,96255945525174
5,39088861962836	4,77416059469645
6,9106260680675	4,48912841985708
10,5238289615463	4,5749223001601
6,59185809912367	-0,527982533579709
4,79919259131711	-0,521619426546532
2,06796821801211	2,88569234281251
3,58094758422856	2,23605799448269
3,70820104323817	-0,342153657160852
6,35585476442305	3,99696947489869
10,0907023536775	5,97836805586563
9,23078560014923	5,8225904330221
3,45587993467201	2,67793754665414
2,70048960854634	0,939124644643375
2,17651017230645	2,97735598435694
10,0600822945131	5,75206024167928
5,91630196361903	5,07421738258987
4,39298589251453	-0,948283403655672
6,27702252756052	4,00349776738335
7,43155867487575	-1,01789917251773
9,89552882411215	6,82944345067841
9,51596512998024	6,08308097978438
6,02200549125432	-1,2933990722406
3,46259045794487	2,57548614920019
5,85648828627393	2,69267344191865
9,97104416443908	5,89468436040681
6,05184253323287	-0,195623363073196
3,40713305129029	0,760092830588626
9,3661811386946	7,68761803216673
10,0717629919063	5,86454578302173
6,27327744773641	3,53922440893867
3,79898735442497	0,489208422338653
7,25294126800606	3,90548128013429
4,02811179227849	1,41503942286681
5,90324842952681	-0,333943840666537
9,84737775383918	6,22880973055778
8,17451735939107	8,16060912734399
9,88071688255556	6,13791100682782
7,70260614073586	7,87401305094658
3,75143672932354	1,56967250183907
5,90033520692407	9,13085526584872
5,49165457402617	5,77348818764321
7,06091009186739	4,1914999246291
10,3504507313065	4,24760776129809
6,61720106204419	3,9485401657283
6,77531080445609	4,28351994639163
5,11441614162695	0,0450866706367277
9,31520746053767	7,19284273715332
10,3513431647074	4,48947982598608
3,67909823618751	1,11831236233078
9,78956054668973	7,33273749651699
9,8992098393133	4,34687344153077
6,35929687597897	2,6357166795129
10,009609035148	5,93102173480091
4,13541794548413	0,623229418564787
3,15392004610669	0,440359971953255
6,77122902349223	4,08152522893007
9,40053713623799	6,00935148586247
6,3354252015969	4,15691213127789
3,57139838625675	1,15832012626819
9,31255503034468	5,60573238963454
9,91592901876324	5,24785094392478
11,0023027269857	4,92210307942734
10,3484792546174	5,06812209843329
3,63368894777081	0,651464409726578
6,98839719919654	2,9341556177612
10,010769697425	1,22318570672866
6,72441243422832	4,36086348915151
9,8992039223069	6,1686226038275
9,97215192226424	5,78517927060534
10,0233040201828	3,61574911459946
10,3879440631142	0,467925779734684
8,94456616877066	6,18530744002965
3,66174561743094	1,08682909342976
4,18637634628428	0,944236774500167
6,51417096240522	4,24524996283232
6,44856185136666	5,22131751350242
6,44199238498416	4,02938196794831
3,11356456919226	0,434717402038262
3,57023492223617	0,870652522945608
7,43364874074582	4,13296109104839
5,65008124766247	5,72035201301973
3,72723716335952	1,18703409161557
3,07601244621836	0,553492536432604
3,85476223157645	0,758303142204616
3,73095593377678	1,64527128690018
2,84196437987313	1,87759787097491
5,72580336201319	-0,634966841557344
6,8002905888817	5,31618130590726
9,68378729918431	4,90563166456734
6,46259669946563	4,87779053209781
3,14980877642171	3,23681919814149
2,57495385227539	5,46564884652667
9,60295716187363	5,31178620720601
4,64290009622065	-0,898243525764842
7,15509890101748	8,49978858854102
10,3377793641968	6,00302599092361
3,52807957559425	0,407443359796628
5,25418563577033	-0,856581675520026
9,39785170847811	0,680690950628562
6,92824742690869	4,02818507131666
9,9584354263266	5,98628414682691
6,26029271395463	4,27044564660986
6,26438513821781	3,77933892245685
3,18679377948921	0,512164561421914
6,72172272390702	4,52837555238763
5,89547368463606	9,08921329639193
10,4021843253323	5,85539256909078
9,47793382220895	1,08244226583373
3,15095499245824	0,767076687957792
6,26902342789195	4,36071872088729
6,88683314212464	4,03054216396151
9,71938828713142	6,13730205454039
3,2905622708924	1,16525600490093
6,82897119495502	4,13961320427379
6,42557986837791	-1,72733375950328
6,90146548076704	4,58793721137554
4,02164077255855	0,664472872667886
2,91580730875854	3,09495296019968
6,88151620879134	4,13684469443367
5,8911344379159	3,32482677005121
6,33114888330979	4,99405712329819
7,00540982963741	2,73220418784639
7,10930188522895	4,2257711359525
3,55062364367171	1,44592266438659
5,17102490383384	-0,950896914403025
7,77990030106511	4,00929494865924
7,30549515864359	4,97680881439542
10,04452482714	5,89518331833517
3,06259647876609	1,67365801981803
10,2615842318989	4,69000324142545
11,0283887074962	2,28644773255763
6,7013386264251	4,2315534347892
6,18568737039842	6,38724763329841
3,60237357185796	0,95428018293141
10,5175413249904	6,14857295639383
7,02086667162033	-1,02143525727983
9,90922308582332	5,33873111997244
6,3836112327019	5,55874066969159
3,24383592568381	1,52304351983299
3,09902324348586	5,21438496882853
2,95442675875237	0,628363807316859
5,0481160044151	0,396823139324105
10,8720495891197	5,55000491459296
3,51236102128678	0,91658475566513
3,06426333939601	2,78542643665586
3,18794978611151	3,9239776081226
8,47249429237862	6,9221457358698
10,328019242582	6,00958631834928
6,00773491687424	6,21677721223518
5,07641119136753	5,12411648478128
1,93929426205636	3,64999116102357
4,36932413526915	0,21869587137164
9,86557922165282	7,14267189171889
10,9697882936335	4,28888142024135
5,34038284950845	5,00044356783
2,83200411183985	2,40019657403068
6,74814961240017	3,00851943034813
9,85861347017649	5,78135398251306
10,2007982445169	5,47492715482416
9,65816439010996	5,6654398323076
10,513913578882	5,93240253214574
5,84569988882402	5,03376248601816
7,34752926855012	4,01114201785205
5,98682279786766	4,09840623311864
11,095147234322	2,72394536910851
3,24290192711414	1,04561582273742
6,87643787538736	-0,646973060046641
7,24265610686598	5,08160438822687
10,1543828846822	5,57074315119297
6,83381907948577	4,39135708631344
6,22513641027068	4,29192043510804
3,3914270696629	1,30621422518304
3,33806241948248	1,46068363605808
6,78731384693952	3,60560054063811
7,75092208368239	7,67903423557505
9,33420857323837	7,94239015762955
7,32061164810572	-1,5170118204167
3,0211756635203	1,1375545705963
9,45092556640422	6,51663061968126
7,17172892657895	3,99916005355902
7,64182641151106	-0,524102678970698
3,26626722220522	2,13181476591149
7,22723306478026	2,89096213384332
7,11690761816862	4,94825838599552
6,57932173882698	4,41045546302706
9,63420751185014	5,53520874864515
4,59606923831371	0,321695989879217
2,66562196756776	2,05759838674428
6,28558687643931	4,63611087401485
6,78752939379448	4,15909552834102
8,31725469903283	8,28955898925048
7,70355553704158	9,2989006279137
3,19047817577235	0,894846098631396
7,0460151840677	4,17347338257578
4,49710761911034	0,201369493092398
6,96127141962128	8,40862093168522
6,75581000145153	3,50364929233037
10,242884606662	6,62350397486818
2,95082100085013	1,24548520641992
2,20347141275533	3,26547926176186
9,73327857513639	5,92801285774246
6,32657171320779	4,97078034602413
6,01891276347903	3,15229172254713
10,1681120399428	5,56674791150159
10,4855112876481	5,15646442157776
2,67802387379667	1,45122284326511
3,3623857126505	1,0302324685719
10,5919796652168	5,74393429011232
10,2507329071396	0,141022294545281
3,82722957939602	-0,403969895165194
6,55453723641004	4,8409478313706
2,96655071790463	1,2898125750325
9,95511752898178	5,82569294758428
3,68471891348173	1,62562927811411
9,65388231404442	5,35072985034103
6,87107160908807	4,24463272227567
7,21481470450627	3,81731125093781
9,81895837413595	5,03498318916753
2,03695992827986	4,71630657470516
3,90294164182839	0,484573492475454
6,81228308294974	3,555770221874
9,38925259497912	6,18861037740433
2,56197707534112	3,21621789699797
7,53555631683669	-1,26374163591611
7,67864488728661	3,7911418265527
3,57837483842463	-0,216800165455269
3,1600291923295	1,05663608242442
5,80757869155809	9,48257653615615
5,71381474726686	4,82837495532163
3,55022411265527	0,409682073212732
8,95597804811807	7,13145744087845
2,79507425718437	1,05135076713283
9,00985181568895	6,31384556747123
10,5927914229934	1,60922038932684
6,22558086285191	3,14049979828278
7,98017901092692	7,74346727987583
6,55842487399488	4,06180410182588
3,61599051030884	1,15177261195103
6,78098942070419	3,48070270685599
9,7532581991921	7,29550834746641
6,41160849351561	5,0579998823689
5,97950482424225	-0,575228012052192
11,0817618347998	3,00550528515476
10,5399609451344	3,53218844841145
6,06878245210948	6,37112415389419
3,68950448377104	1,70625361474613
4,96939047392009	-0,597726932454302
10,0396296605038	5,99127054870003
3,8234768943245	1,65310444884777
3,32763721630635	0,790287316338982
6,769997317957	4,19410668670457
3,03335977479542	0,80212381587656
6,47872922529739	4,38262548453878
2,69531215626651	2,32035081803705
10,4034483465063	5,2286448371894
2,35108415883594	2,3331167531148
9,83048348177269	5,73796458443403
7,21887236030432	9,44685862040579
9,60427972035986	7,75403898206045
7,5074855664971	4,52916548149338
2,88741653186542	0,949065385695992
7,19206704551035	2,59687785099059
6,88263137273674	4,41897284293983
7,21087004507607	2,84503540486347
3,12599664626812	1,05093947021226
7,12666084680096	4,57052157494114
6,92119408840141	2,65639758483769
2,42737787364861	3,81532239963711
4,35961012396658	-0,0644380281032775
9,38693398279188	6,01616598202144
6,20719124233547	5,75667408489542
3,35289148959808	2,65021907349932
7,13848923970321	4,49925637421183
10,1873579985274	6,46553014909629
6,67586920515406	4,42768149418377
7,78491137949948	2,93253166445008
3,55407778320335	0,470861323247366
9,6431606416482	7,72040077434511
7,17305209505213	5,0349267139356
10,6331404593081	3,88958527804922
4,53704929838265	0,721103183331833
5,94380197229738	4,48987983010168
9,81005132928436	5,89299387298983
6,6905485409272	4,16445480441664
3,72451674470819	1,79377844258635
9,96751041355513	5,94351056915779
5,92277521442772	4,10834033501576
6,67443776281521	4,33096049528177
6,06051960400743	2,77153331768711
7,35719322635523	2,96226263095572
7,45358609889018	4,00345123093024
6,7805363947705	-1,6715448967169
2,86418432788356	1,6328211525137
6,57012682286917	4,85976204317615
6,25540319187511	3,69920098711019
6,68092577436072	5,01662009869974
2,72713076114507	1,77824912290659
9,58211824403666	6,63810465254367
7,13303090156876	4,48724677446156
9,98488818587886	5,83487371795078
3,39539825649258	1,3302095730712
6,68833644970179	4,31059170692791
6,09803843690266	-1,43675329334289
6,55154187716174	4,17048955804319
4,44574461801545	0,456941882299447
2,355762127016	5,7740393468801
10,4819358152822	4,34282348184871
6,24168913429174	3,93294548872386
5,67673498395749	4,22764107836993
2,56804245902476	1,56439008188066
2,50880700455039	3,66334078593528
6,86001593633687	4,48572156193
1,88269283150205	3,3451254130272
2,9462348898297	1,45873929912094
6,13364126857769	4,00324584474913
6,05564063901998	-1,25124355938013
10,2855196928696	4,96580853204925
4,76041965882666	0,417507909509087
6,37136100230436	-1,107517688686
9,20103276500211	6,66143340302051
3,68925000449556	0,811020248612758
5,90242968009359	3,25001375384745
10,459361925047	6,11635057830649
5,45773709198088	4,87094168249823
10,1411951464891	6,09215052278067
6,95507732509088	4,10275452334867
10,5897887338625	5,43700340947069
6,66148745139082	3,55555178913633
7,3227848727922	3,14188969568097
9,04725700632078	7,55775413355736
8,78201913142359	7,68214101858313
10,3360682150072	6,0559500206419
3,44622092321402	2,33265150632041
5,79369059071495	4,36144237094157
5,83622206149092	2,87388416117886
10,1711414213619	0,0238502346305145
8,68471833115852	6,61345908201964
3,53577300190438	0,652048865251112
6,27010684236086	5,79578374980666
6,69588071540197	4,43312646081907
9,54690536987531	5,59635312635003
10,1346387633354	4,10623105764884
5,36790407720223	-0,117993512813361
10,0037743418074	5,94080622523925
7,11740644612711	4,76670426825856
10,0242029596889	5,40169209553414
9,27063191531207	5,80924189705548
2,46391307199306	4,12468573084501
9,93328910324333	5,8512944988446
6,22744166965051	5,05935929797981
9,46723152182604	5,49319826292291
10,1004338386003	6,0676588562034
7,25449402812684	4,71169247367825
4,0456034264566	1,06014857989618
3,20966342959057	2,09572926231767
9,22726819059844	6,82792610756
8,30388249928743	7,33246975630672
3,05469161222889	4,24142778414655
9,98238658670899	5,66595941318147
3,61276493723992	2,12817561379659
2,88455490593267	3,23143345626915
6,70125001136828	4,31567562766641
3,14162126287226	2,51192445006331
9,88841476840763	5,95771897903912
6,52472279706392	4,25020540160279
3,47199907148881	2,17264743196601
6,56674329902544	3,54044336512218
3,47408324970434	5,35926271307133
3,58434852251403	0,962513717493222
5,24650411204202	-0,611807306340499
10,3313248607743	6,31393875680201
10,5443756201074	5,99228109467039
3,70778629885759	0,928983551725374
10,5245177223889	6,02401084408805
10,6560201942654	4,12936243239517
7,35719306013789	4,37004793403097
3,17599865236149	0,646052101076396
3,45186812491076	0,99123267454233
3,61944438405715	1,11780474903681
6,84381518897708	4,13161471869522
5,98478224020011	-0,749421060354687
7,23582654142565	4,76022943558703
6,94556476624528	5,2354624405373
2,79060807379081	2,7365444585527
6,96602610351287	4,05717312937515
10,7601239189034	3,6568730451716
3,07409288296172	1,52567254165475
9,87044207711631	5,96455336254431
9,84047764073114	6,05319342468333
3,42009631450776	2,25415086281184
9,43294952773673	5,37505777598317
6,67417798123661	3,54414920193559
10,9341117485296	1,03823184154237
10,1213442917838	5,16629233625015
6,40609117997316	4,07887914092461
7,75577993438464	3,70372731832817
3,64311254911059	0,945563574295364
9,51760862780498	5,60326002364498
3,33774824091728	0,899996304850833
3,33351593720019	3,95859841604669
9,9875499418301	1,3914322951291
6,65410545193704	4,61157099230796
6,4259869977673	4,17576856412233
7,57681621735643	4,60286414205253
6,5465645395265	4,72228734986925
6,6521411404947	3,73026623435445
5,37463773480341	-1,22132981734058
3,53364647666518	1,19255791178771
10,3533443252095	6,34434877742372
2,38937698342161	5,57639945341237
2,65838710185448	2,08861083579658
10,1701786830568	4,7893872467389
7,60757682373246	-1,38528706661538
11,1746692906079	4,09956083060771
6,13562608362063	4,35301249474665
6,46268198527817	-0,286419064563574
5,82050433898165	4,41700874451422
6,46016176756996	3,30656197238286
10,1364103475213	6,76996276902095
8,98644764462435	7,94136616974766
3,35405019130555	1,01416257413383
6,69681244826566	4,3120257784169
7,4689418586735	4,17730929594853
7,40965233267322	2,85765248229916
4,10323031576321	1,28960464716497
3,16985167092303	0,947777595808932
6,34113769666162	-0,966109310783531
9,95569748606087	5,87607013731791
6,01918578724013	4,30218302780994
3,80006991836377	0,945824569283356
6,81170673875652	4,10237507293138
9,91108660014816	5,83007676849273
10,6991895883786	3,54639982022368
9,71911992154481	5,4127892166361
6,06606859042001	2,69012686184731
5,29532441935052	-0,464573021860784
6,39209005466799	5,13259814487326
6,28616760871598	3,35152294494731
9,82563112171473	5,6740179014206
6,25917463844244	-1,42994027217642
7,72803010899023	2,37601281062443
6,59397820705495	3,85595186578778
6,79870955213084	4,21785002251104
6,93202602534762	4,79576278628159
3,50200340002309	0,961024310944981
6,52550262036376	3,94446088849043
4,83755917691855	0,427183982661154
9,3873958427065	5,60500582160724
6,82954475757448	4,32440032666293
6,64162762037808	4,41360753820087
2,82332158455744	1,23180437233912
5,77980753195604	5,16544888758586
3,35048929933306	2,74845671428735
6,16534434821023	9,84824261681628
6,90594527354456	4,12341477208497
10,6528461517685	5,0423722861865
10,0033899674392	5,43533167614608
6,68523951990366	4,32929430496763
3,45761536113234	1,04450969599398
7,2771321954272	3,90362667290265
9,88671939327636	6,9326150050552
8,37250828112771	7,9129554149497
8,41062860968986	7,43198778528662
6,54573052542835	4,2368909134771
6,30420337360868	4,47508949040902
10,3590119303432	5,12722626564526
6,43906257863563	2,58825065291521
7,22035755600941	9,32855375602366
3,33031066257257	1,83468248429935
5,03281930634851	-0,84007145613446
4,10061389288557	-0,567700665297803
8,87196306486481	8,36333033657154
6,88263268523517	3,01824120886752
3,75362225251249	-0,173459617109803
5,90849048328092	2,78918915195042
2,85513342877507	3,82501370884467
10,2202976536249	5,88573668790536
3,58369547317521	0,0991971690476482
3,13529361869945	0,950363470367343
4,13657568583565	1,30432201631212
2,73581830832474	1,25912076982542
5,74867556589357	5,34007797589731
4,2906020254666	0,99714684015817
4,42277185182073	0,779986882519607
6,1299782783897	3,39788604926438
6,54625587532174	4,20103752190597
10,0174358193792	5,89224084474748
6,20338394684633	4,30055419250834
10,112644077078	4,67446621744744
10,5455864661104	4,34946370028718
10,0568240994264	5,95555457653866
2,73187360669138	2,21358256087014
5,79451454746528	4,33351176933957
6,24572824432432	6,21060775566884
3,78569594482215	0,428023724807461
3,20330808735245	1,93187085768737
9,92641559055942	1,08145716248497
5,60531102749785	-1,28463727634868
2,45542736544899	1,41212428714258
8,63885135252113	7,33797720194306
10,0155440066858	5,1705289778218
6,37853611971733	4,26057758753125
6,82206581996409	3,37197548002008
5,65452401574765	8,82052602297157
5,85956172809412	2,92173624877831
7,61289300604455	7,99618794838207
10,3889095465592	5,8866181011505
6,30377373973343	3,45512418813842
5,96602314767798	5,31500204774238
4,76706697073363	-0,483582124658112
6,31528300606662	4,34342078038258
3,59011095118662	0,268155330162402
2,99841112796711	1,56298218921209
2,5299682327398	5,54143528967159
3,26701952338796	2,99435108451635
9,81793397196564	5,63564522909287
5,84991719746339	5,70813717762222
5,09572365770897	-1,10007717918897
9,87077644671344	5,52840243064174
5,63440999045201	-1,34426005845271
5,91742879625715	3,41975508415269
6,69748531076546	4,3050605438867
11,2067481695498	4,07467344717288
10,869866841812	4,32847498521388
10,3160014328271	6,11686201675294
6,74503344252729	4,22518163079221
7,73705307884297	2,715227243503
7,18100181105165	4,08446034806441
7,16504685929326	-1,81774936595958
6,4815149507952	4,1111524326143
5,06009159110689	0,372220085948563
2,51841152903691	2,26711146603539
4,61028271986055	-0,573842161908581
9,61717163351085	7,75427134087339
3,66054415027915	0,674325793302793
9,03143674386267	7,11105126908669
3,08791521854018	1,24626934802132
9,98164211806915	1,4807712589707
8,66212881281585	7,18660371080482
9,82077753379271	5,9281797798158
7,03115714595656	4,41587900394112
3,28352541119341	2,44320653853727
9,06367265442814	6,87594938386425
10,7029589094736	4,93696003911321
6,46677101026182	4,13107804887934
7,14818474453635	5,28499545460576
6,69658504974114	4,37554143999616
2,7623443004689	2,86021955429453
5,63944861803758	4,95503913683291
9,67630299923638	7,33567026672139
3,47006270841409	0,880724357680737
3,41776336353817	2,5001154133516
4,04698131416751	1,06617076346657
10,1687034002503	6,11177325553085
3,25782209212003	1,13695154579177
7,8874172561864	8,96426300084964
5,6054598902605	5,05504073223085
5,74873861338346	4,60947064348676
3,6043441681749	2,33315382128906
3,08884234344179	1,79083569105454
3,76867625061415	0,667643680485036
9,85306220481502	5,64779392811411
10,0742692538391	6,21798522805141
6,75519348576688	4,39497184459295
3,47784502005633	0,916396560647836
6,01637066297488	6,53351224014349
6,53978030763063	4,27062930680666
6,69362907323343	4,32767765057906
3,6039149402084	1,37508669454162
2,94377936017929	2,4181841649558
10,1481350540294	5,96448910445451
10,1130463873858	5,91570929002551
9,92470209661172	5,94577854482014
6,15028348879759	4,68093882599698
9,80104989115728	5,97183263824852
10,8603738380634	2,31406176454873
3,3842626082461	0,925087473012699
10,0618279937129	4,44777979427435
9,68490330617984	1,44426568308154
10,0996223840827	1,11612586558769
3,14483231663492	2,25520179731571
2,74280074960455	1,07017843673354
6,75410303064518	4,05137408018579
10,0895433567693	6,37953461337433
8,92710315910253	7,51652126286358
3,22991925716241	1,12196072827695
6,11922358019553	4,51226372005933
10,6968572798697	3,56869893096065
9,21029280132428	0,417714791216402
2,85956703134029	1,20585013274553
2,86860688637496	3,67761591084874
7,23879243708201	2,95078895203553
6,06741494253471	4,55511469404574
5,61091171803317	5,64055591740767
3,46159026219628	0,926791637135807
9,58593307190047	5,5598526018396
7,2431425781399	5,15453737446962
7,77437103761336	4,00904428145163
3,84848586726309	0,103287397099163
6,05804039181141	3,90829635459238
2,93069434577996	3,46070055054094
8,59781593302299	6,95507877437047
6,70020155086839	4,31939618217703
5,66924298910065	5,5688241921289
5,93234277241106	3,90572219372289
4,11404409477599	-0,34236721457717
7,4582438286571	-0,649342177674107
9,82249851231508	7,35650446232084
6,54099144509478	4,74220235279055
9,77812054411852	4,2755466668904
6,75746815899305	4,16063235828731
8,82833484782371	6,70209766306823
3,01138058596059	0,856169888851447
8,67956415088366	7,77153788977707
10,2621816475732	3,99263748540229
10,0967227909576	5,91289387594481
5,97806302388879	4,30985864239806
4,12511816848065	1,07124304690464
6,46159635703171	4,45912220293617
9,2599836710688	5,89393050525005
3,25410638386093	0,434722410658805
6,00293155484399	5,28305490786239
4,58811414620547	0,408869540704631
2,72724168105185	3,21621921615331
3,45084087186888	0,389157635120283
6,716205873206	4,3302530651347
7,6059862503699	4,06238412013919
10,2380716328513	5,67442897926879
3,2200801535755	3,05248047087964
7,24674089222793	3,46240363940393
10,2696615822358	5,044576282387
10,2547409343505	6,17840649475669
6,00711943376272	3,62171595351765
6,81150263684313	4,31135854725229
3,97049402164454	0,823120872821797
2,48534938068816	1,29460176477262
7,31453456545801	5,33379816989779
10,1035980103617	5,75393220969326
3,56546508802911	0,364084909746508
4,1464869718261	1,0973564271528
7,24952737258334	8,86965712154651
5,90182779746043	4,33717879087458
9,61032974206833	6,79512519513449
2,71471999221185	1,81170196596195
9,84191802146039	3,89524398311132
5,29242456397847	5,13365019248596
9,56992194558297	5,62683711041046
9,5377191768019	6,52825270201291
6,96371052906468	4,47137353293852
11,0203799623721	3,21779635517041
9,95727720667969	5,88266544198609
6,79056012723419	4,08313368970399
6,77610886883848	4,40129314812614
9,73193988857759	4,58039299588279
2,85624800702681	3,97874161565181
3,30478415169917	1,04853396992719
6,11296806905106	3,87345914805929
10,1853273857061	5,98577867161936
2,9347438107002	3,27842480386471
8,87712443417763	6,48539046504665
10,7472383034821	5,53966951238092
2,28048369230636	2,36644693445751
3,70216243603587	1,09867273645509
2,71651154324994	1,30363252993529
2,89022622209582	0,763032310488087
3,49979128944518	0,957778889864118
6,58483156924892	9,59089216033567
3,41417581367932	0,972055098023485
10,0489611512739	5,19693868967521
6,92603907952656	5,18790984301224
3,59118761061301	0,947318363083834
8,87726767945454	8,15897829521653
6,69260727813587	4,91638143787236
3,14772569441174	1,93597996327688
5,16188852294205	0,307280542840355
7,30808382809391	4,51977337668005
8,77357988420769	7,68143186287163
9,0128623452669	7,90520183473083
5,98879536772005	4,42546819139614
9,94193819903356	6,17481231604892
6,33049592782624	2,52658474736772
3,59393294095164	0,750133877936418
5,2086087285341	5,10935221912673
10,9045437977641	4,21596085639746
5,83983137046686	3,87175820003858
10,1906754842731	6,27964673182219
2,20347233619632	2,06515909006558
3,86847313768841	0,692100852843693
9,89624316164501	5,89379974852062
7,35195800016485	5,23491236194183
9,15093532473521	8,17506120216365
2,36740897472266	2,32488841324431
6,85095684130746	5,47967757463423
5,9265463338817	4,01900695364351
6,56161289745153	4,18067756799602
6,91001192784364	3,21377073671958
9,8105333634799	1,96748207383653
6,31218063480442	4,51121222125519
3,38571619950287	0,810022391692994
3,52421330895948	1,86280443277011
7,2285068090061	4,99379202707974
2,22528348621452	2,46517872428704
7,94658042695166	8,46381589836148
10,4108333977637	5,21134450354261
2,87503803376065	1,66214457782868
3,41519603847655	1,00156005908743
2,35100298345887	5,00612006055895
10,1818858962798	5,04229809799707
6,50983687166495	-1,36318408208734
10,7261401704997	5,73509564236589
6,25092490843434	-0,596272225496095
3,89054584939631	0,659168237068581
4,52718761229789	0,855390039765413
6,36910837675768	4,94636473836372
4,37043776966088	0,662393168241468
6,68970953424152	5,15428987238424
7,1223981299096	3,85248027168579
3,34089948253341	1,32121546232407
7,05664377723966	3,82180340836572
2,43184244812363	4,62966292127769
6,00257072012887	2,62467045565341
3,33457442336985	0,53104959336033
3,67149500163832	1,00391748467187
2,71469798004125	2,7317233018743
10,766843272187	4,70143813951765
7,37447023512629	4,40593935273989
6,41289762566197	2,78556397029448
6,68313131846856	5,45894681082574
7,76646732119634	4,00617078993249
9,78617236707918	6,24261931953902
6,18571951490895	5,44357473212437
3,97938804928302	0,394341880782732
6,42123344913616	4,72240691036238
6,48790243073847	4,4022159889075
6,60372546446264	4,17791149931253
3,07071082756069	0,974967500846513
6,80596816631601	4,32191718764595
6,57887523425615	4,01874206653842
6,95080951088564	4,63544040239419
3,76998975725972	1,2408876844856
6,93964358549236	3,3671953106463
3,68448481100094	1,32533680984089
9,36150706022801	6,53085095490971
9,73188999005499	6,13118285343555
2,36222791941482	1,48346516886343
9,97936387298392	5,87587408020482
3,92674425244485	0,596472513616879
8,89827619995106	7,51051799740731
6,70853053023629	4,30177587157629
5,84569122157844	4,60997913528804
5,80184382889785	6,16366258126199
6,11398611756697	4,60102551123692
6,71057320776938	3,80063787276387
3,51383486668679	0,990715219726837
2,66151850856935	5,03942731280123
9,72917484446571	5,61456367159769
10,6199558294111	1,43042385276727
6,66223956077802	4,35647582283792
9,16690800327803	7,25950329692071
9,89610541722524	1,82305521630779
5,71340006551047	4,37125477388942
9,72829082551508	4,72658544741727
6,04539221385899	4,09388473914789
6,69686721616514	4,31880436357117
6,06885434208032	9,10624922200187
2,66785584532667	3,30542023770649
6,79097868056343	4,28801537668119
6,6093594877451	4,91296630932596
7,65374847520197	3,61470882357698
6,2403268979281	4,20376385714329
2,87167632133324	0,915942503766713
10,6443529371418	5,75552862669728
3,71453141271687	0,80069362689127
10,3839489471619	0,364353946356989
10,4467781889494	1,27465719615163
5,38080642413605	5,47838061827518
10,1128376946086	6,33811761799841
4,15039571710712	0,411569831691829
5,93770044740551	4,68820953296875
2,22347056396036	2,08734393051574
9,86692226214928	5,42923750837264
6,43002994040128	4,52843106959272
2,35591985279671	5,37039685652231
6,68750799398627	4,14268290812869
4,83229483602515	-0,781698913333007
5,86170702083636	4,05749258165867
6,75599880066115	3,8280971523427
6,57258891785842	9,42684781741988
4,09757750593683	1,20952878048297
10,032452894472	7,10282853988255
10,3268035503969	6,04387207974677
10,5644579350918	4,85533298832521
4,13155590990957	1,05192574379515
9,75582754836436	5,86395238143678
6,39775188613378	5,9552922900773
10,0690015453998	5,89974815505858
10,022646344667	5,63396137984606
2,9882260639757	1,08020126205264
9,66485087569516	7,17309661349815
6,06132203580534	4,56919097685883
8,03567359265905	8,34586381834554
10,4605334577282	5,80530342820795
6,68826695396097	4,38566171910079
3,43315662576673	0,873078479690195
6,86743836529681	2,90292268058551
9,89183572258578	5,1633706609181
3,38622126640469	0,427579591333448
6,74408387025214	3,8770929762637
7,2990004277356	-1,73727660555012
6,24859722566744	8,95207235571249
9,60635950412693	5,20459597335501
6,98978054075873	5,58850221159715
6,30338889278048	2,56877031001212
7,89435105209948	7,56274842721371
6,4430482542954	3,52549222277096
4,98734302087807	-0,469742064897087
7,6620285707473	3,00436134930245
5,70819127655207	5,41150040818209
9,87961807732622	6,1023353444538
9,11063403402693	6,32115262505776
2,84804772195457	1,95739023994249
8,89989493368642	6,47739469519285
6,52881056898651	4,37103928028644
4,09722855922348	1,17721164945229
8,51637890769635	8,34163186916346
3,38641337385159	1,21060206338502
6,94822036682724	4,07757963385773
6,88942370006043	4,22161737419572
6,799728916557	4,75238881485505
10,140204947361	-0,0248174286244938
11,0730096619974	4,84940873668432
9,25159758975602	0,4252130382181
7,59932324229341	4,42778630928162
10,4702340293761	6,15765337405529
6,62698805753131	3,82044817966453
9,94076858445369	5,96839919144005
3,21989634981939	0,862872402153298
2,24517715248048	2,06312460934318
3,61763200841705	1,49104522524189
6,68248482347164	5,54833571596596
9,91864431448985	5,97045481807687
9,49191121589696	6,16229129214826
3,13482374136179	1,99531395901428
5,8430269528668	5,1578807342087
7,59788422293408	9,23419340052725
4,47971729606205	0,900754019240428
6,59234790366159	4,78060191523144
10,1677480490436	4,50377768850078
6,93771975730087	5,8421133284158
3,22224438849182	0,922298440760911
4,22106039027393	1,05047794472039
6,83612266802582	5,34448735758176
6,8606374508157	4,38478737961334
7,35919606372425	4,00798502160028
5,59426551979239	4,50508184618434
9,77237388834925	5,8731144562064
7,38290105955282	3,01591439528733
9,9417748052203	5,83632525090213
7,12530236879177	8,94357853486904
7,55864124923471	4,0492850925617
3,34504350648191	4,4362120737704
4,36508028654156	0,497324763495927
10,2870562446556	2,73389918998231
3,65753204253148	1,33676530377865
7,03667775346739	3,92286614299865
6,59827725996415	3,11326226102157
8,2668710070718	7,85498151894808
3,40649049619695	0,0158671170198351
9,70912750993804	5,99963767865164
6,83610595322307	3,9525676693362
6,3183377603092	4,41943942200581
3,94907078177576	0,663213172920364
9,55885002185067	5,90781980137883
10,1860872974502	5,68329514656034
5,3769516164734	5,52253241726311
3,32670691359974	1,14766079837083
6,72033105287528	4,30057394712555
9,76208114646395	6,21237368004648
6,17338068844205	5,51696874659176
9,88591303959237	2,61351789387966
3,33764131196394	1,52932160829712
9,77545424957384	5,3198401533718
6,12165932581625	4,05408754902694
2,04422584275391	2,40254442933
9,6030718064854	1,5584858867347
3,53348777869044	1,31551328981815
9,47478456205892	6,27603518091582
4,07131387189668	0,910655705237069
6,50033730019556	-1,5789907437662
9,96497005448471	5,88716947118336
5,93417704608249	4,17142772825355
3,7625053325995	0,891863387455421
7,75621002952656	3,49807544192949
7,58115437844865	-0,461263863148135
7,32348614818033	3,90328324693495
2,99168943637	1,90038320276668
7,00156594732334	3,40585601132835
6,22598727965033	4,06865698298892
6,32379211574384	6,08538398695974
7,19051504389932	3,51836337519095
8,43767126494839	7,48282397761848
3,14568279735593	0,893693612067577
3,02502377935321	2,86839150094661
6,40767781603751	4,20999854440377
7,28789254149374	3,36279868790778
6,38512659649686	4,6710454017804
3,239827728738	5,20869149506788
4,04308193411002	1,02634654494108
6,6883985585468	3,70416281861572
8,5612502658307	6,75149031793501
5,60627589116532	4,325513695189
6,89385370826401	2,33977434511611
3,9847899145914	1,44380653197554
9,68636196278941	5,66125270187977
6,37607222177182	4,10681518803552
6,75981267596732	3,59843486318097
6,12510388844265	3,65914979696011
10,3374137733608	1,92133088470328
10,0051888681807	5,88111811768127
6,22847312590696	9,10601808055131
3,72950347897623	1,0109442984523
10,3640907876523	5,00618658388051
7,00992609027067	3,74467184029899
3,48556010362799	0,811444736321622
6,75343261430187	4,34090636428433
7,02935973906772	3,56129189536769
3,00980700619175	2,29240715720756
6,16659334563946	9,09364120550234
10,6219543161122	10,2812984599305
3,12371933151385	0,545863069230745
3,25744588245712	0,606741384400656
6,78132980896873	-0,605591218488342
8,44421165142443	7,54963076094748
6,66109183494193	3,79742722987828
7,03818945337466	4,29143939122792
9,3158726949588	5,56104354068383
5,99539872617838	2,81125239456568
6,72298335277034	4,34945728060883
10,1847557680355	5,793186556532
7,28201811597949	4,64834720680018
7,16354054606891	4,42123220063133
9,73534775651525	6,26095542414942
2,40568681418835	2,74631855008573
9,87030351881215	5,70610973494648
5,96071295768885	3,01662939328462
10,9042394773531	4,79693438179658
6,02940379618752	2,63286365820975
10,026274726191	4,83125569473491
1,98011304371693	4,98571535142681
3,72213310306618	1,49691016212804
6,81532472434244	4,20419370110283
6,89580716373934	3,29504893115758
3,70307894544087	1,2399764219088
5,74183216810394	-0,438885869241504
10,2071833965725	6,70330916907541
3,45589425383136	1,86717124736449
3,02816010568155	1,04936183145278
9,3999029266098	5,68536333522045
10,555460944523	2,54277061489008
6,9180528749075	5,4174023897354
3,2701388075607	2,9228963831643
9,59125744103457	5,72436585287831
9,99221099304336	5,74543111414263
6,58190129161175	-0,871054255977839
7,44190696447511	3,41699734558456
7,37827422110708	-0,789980625580218
10,9659412465909	3,74407199878565
6,7421305242492	4,30360378060817
5,63117535381401	5,72523161533361
9,95875261181842	5,87430634633639
3,29458606015887	0,53052034289213
6,24955793071326	4,21653961820742
6,5625786159029	4,27772858552669
4,9340889208878	0,0265290160397198
5,89220004825755	3,95424801243619
7,25622353505713	3,97686746283839
6,28391092908012	3,04478231433468
4,83067251251731	-0,0380834401418533
4,21949203261117	-0,45967930182761
9,778567270681	4,26240172333773
7,14937452473331	5,03436512935294
6,63055308879562	4,0716435624091
5,71718685840915	4,16533767952805
6,79336755956934	4,67123616045596
7,51307033682869	2,44767473149439
6,95853350666727	4,12780549632771
6,20989561833774	3,79424530879059
6,39597476274485	2,82576172158665
5,87167482760773	4,91443134724746
6,32495503167509	4,54440328630082
2,77476756966393	4,62888249646835
4,75455772377807	0,0358854422868986
9,30534482982737	6,41691639261917
3,21774758112177	0,959645355690549
3,71945843568899	0,871959155363529
4,53195787609448	0,536139679395077
6,08040067126507	5,52475907514743
4,36702917009965	-0,157711897658918
6,47642254365536	5,3065590791439
6,79012192407368	4,18781648294285
10,748777889771	3,24577086159556
2,86817449910507	1,31906119769131
9,57181527371168	5,69541442467105
7,336597014882	3,46561001880923
6,65986861839528	4,28685356540729
3,74960327620022	-0,0472470572901695
2,51927854925562	3,41639023702184
2,95156031550585	1,32495619892037
9,78108819627293	3,98888887958158
10,0339221488196	6,29665764586093
6,8937382931022	4,37358587042663
10,0507027440517	5,08051106161181
4,32770816680557	0,974856665574967
6,11016822877831	4,70406967315481
10,3698691674639	3,93735146880875
7,78500689699769	4,08142963278187
10,6227472834922	6,05472973124219
5,29049724419481	-0,794234383187904
10,0950292619573	6,66647980250549
3,9016273332658	1,41929803007692
6,68906660260516	3,06413542802443
3,58456886350352	1,17635071165247
10,0277305134709	5,96488733622372
6,07049246693649	2,58482397690424
6,14109950012094	3,84157364669398
2,97595460521306	1,25165890195612
2,26235346967837	1,69765167062907
5,95114239320235	4,11926091335938
3,11364444720103	5,65298996091135
3,8612884402002	1,39163403772913
9,76570961625465	5,71477480194038
7,0889621624973	5,14417055203801
10,0455977765332	5,67570041768971
9,46645562860682	6,12167806466075
8,13243359453774	8,10328733165338
10,4472334200126	5,63941309755734
6,22462965330812	9,74908955951965
5,83909235629146	9,06647052926719
6,70471515204865	4,96605447166436
6,70478919846021	4,30573137998716
8,01395250281026	7,49944722942826
5,74576291070213	5,89992381505365
9,19114266500169	6,66458939830313
3,72471900175135	0,881800138299804
5,40137502259916	5,61852866337823
2,89818813700797	5,05103614252508
6,72151871954755	4,20210294997361
10,3875296974982	5,76666077067208
9,64499244928779	5,89892219712973
4,0577899257321	-0,622062213884806
9,15037503850749	7,89670327742809
2,52143791835348	1,91794827719219
7,66530905099182	7,95968927754728
10,0191028131727	5,18713646640365
6,66489102163529	5,96521704663963
3,89342317034723	1,29400289126963
3,35874862366582	2,09931757780699
5,37507601565711	4,62262528781252
6,1749382201952	3,20072176591161
10,0997175022649	6,14744750741828
9,40770831475049	5,91746568635647
6,14372698008548	5,56665408483455
6,19437550455437	4,00451781375716
3,50072228385081	0,981211913838814
4,15778247636646	-0,227612762496059
9,19502867653629	6,19683942156342
3,19935972027174	2,05313145181609
10,0660924889048	6,06741841897421
9,28037572638865	7,51657134349337
10,3788018990844	5,14644828946146
2,66288034039058	2,6856382746023
9,05933856390793	6,95000086917525
10,4038153336828	5,32747528950163
9,55277200416886	5,97446325060482
9,64980014466074	6,25082990907547
3,70178931253359	-0,0460147277462165
3,49514716101081	0,576648208434708
3,84841540798607	0,776494174430089
4,410371491045	0,580019388324597
7,50634264036687	4,79677482586441
6,25523084429888	4,71887856339201
2,05885852206241	3,20771213594659
6,53221072166124	4,31747790693228
7,68767617474064	-1,11803828433443
5,24263353332414	-0,866534169422097
7,19424369588449	9,13395291031383
4,40552473323695	0,0939073977118334
6,92199931690038	3,33406707672962
4,24298172710551	-0,0347329461642576
10,6484474821559	5,91573100960082
6,8571959717695	2,51477948788456
3,46453729335226	0,57561078599998
2,9067905752525	0,551626800713609
9,88315783968385	5,62074677619008
6,87349317452307	4,57957758000067
7,04934436203491	4,65081127255054
3,96874479030958	-0,133292490032234
9,41027677897281	7,72528826325778
3,85562568729288	1,36021479290551
6,77055973905382	4,89380142487807
2,63352951820624	1,35227862482272
3,07778962189827	0,472627997747205
3,60411919728083	0,561758737663493
5,38941402733841	-0,407199139974967
3,08205017116128	2,39087445270034
2,79245180572839	1,35796586817729
7,04649000688076	3,24653680516267
10,5783186605008	5,78994512492795
5,07373244963427	-0,831015831563235
9,93096391829631	5,99224666750073
7,35413866659978	3,94320877061443
3,54518873213493	1,3220827461136
2,28583363834559	4,32608872753557
9,46718274978892	6,1901541981017
10,354440868115	5,25199941742791
11,2579351718768	3,07198928006693
6,49796982014127	4,45822123297275
10,308237183262	5,57707438982803
10,7142654357726	5,80644210346362
6,41147056445146	4,61762331895813
5,93199720313805	2,82471696281516
6,24198899175942	4,34326987621079
3,15302324141532	3,95710091388313
10,9015865513139	4,03428704490178
6,75780941961041	4,20797984200136
4,85150750178178	-0,563973812095648
10,5535727948968	3,65294750275564
6,3814809612638	5,4974352766498
10,083426179746	5,87202361788266
5,56619288056573	4,93117806310052
4,60804370331779	0,210571250963469
2,19208319511726	5,50416897377595
3,36814764771134	1,21949862091238
8,57469425395379	6,88216180124416
10,3212651715633	5,89089876442028
10,8846609020168	4,73314027451784
7,51892949680616	3,82648123551779
6,5350262371326	2,79762378510081
3,87377614105878	1,08589908031944
10,2684722573919	6,01557978914937
6,47149247753596	3,2862666235083
6,46228733774237	4,65966313554022
6,37352600616743	4,13679042809029
9,85084112335929	4,19711565234277
9,57043733493206	6,0623329829219
6,71213704829172	4,27582773116975
6,34168885405904	4,86943422248352
3,15360833327474	3,44190618407885
9,7308020983768	4,83902766327144
10,8765475569912	4,61335550642041
6,91098574144286	4,05944410953003
9,8909911364867	6,76624833969347
6,59208856984972	4,34276911769161
7,07342671386746	3,81532007514057
6,89709956597051	4,0468787644455
7,45619398271769	-1,34848331578676
7,10387609448809	3,8327430963577
9,81231975392339	3,66884049699523
9,36783289590121	5,88200192020766
2,5348984383158	2,74690910618454
6,36168875855503	4,35194662383976
7,59517486688775	4,08012997784693
5,22575761633694	5,0286549030858
5,95983624256851	4,08230912679663
7,55877051070549	4,02611887221336
7,36070674780097	2,2087203865657
10,5014403036034	5,86119590143666
3,77435326448657	0,428290753865079
6,89039872840582	3,82835845077522
11,1142324553576	4,59578944928632
5,71298816968512	5,8827692087985
9,08685057222562	6,04496597154657
5,97870859346816	6,5587832401915
5,23919561947489	4,97424892377214
3,5122794056892	0,942622366142159
9,7286454913404	5,48572010118979
3,29396317695962	0,661157524911852
9,80417666562402	5,9045453629276
9,24048059883871	5,69022613720176
10,013239636117	6,04642082408466
6,55793830822917	2,81967362058024
4,9651536680319	0,334294826164993
5,60947920417282	-1,56849091200736
6,11172360959049	3,45385889402585
2,37885693387621	3,02036238416716
6,70524966835532	4,38814918418594
6,59354436554043	3,92476958595516
3,5220322637254	0,93870992843762
6,48544690627585	4,29177697166071
10,3268224458292	5,71805609296052
6,44241097365489	4,73985502758185
6,1677638447489	3,64736493106751
3,38736240191809	2,19658047644701
3,5371066840785	0,913947307840072
9,89668604944297	6,14864792967666
6,66049652028799	3,77099499255963
4,29876254743697	-0,358972381592146
3,68135024148623	1,58929388834979
3,38594991722957	1,13676955442927
10,7548603394194	3,04075259836719
8,87817014385488	7,0982029429078
5,58521322268859	-0,124898151647091
8,93511876489076	7,36453201969781
2,57779060895163	1,99508531287297
3,21504097745713	0,49023853989281
2,72339386419012	3,42020692427181
9,48122625473907	5,70170238264254
6,83388787256676	4,86960693382138
9,69453759266527	5,62006048157424
3,02876437685794	0,717536081472651
3,21501657513331	0,956768645652749
6,64880373267005	4,28371028213639
2,34302681756236	2,54189342888728
6,27989452724364	6,01253388730727
6,67686199070084	3,84582672801864
3,31519444329157	0,885354052658492
6,88001907319626	5,4533480002229
3,8039889465034	1,02895029380333
3,37357142229612	0,90164511469213
4,06219131826983	0,883029084135892
7,42050513705829	8,81662177637932
10,2966201779327	5,25102975546246
6,60392496616976	-0,856548121915794
2,88100153336758	5,57267800520228
2,98856195039912	0,837012061872689
6,17583931453616	4,99540140296972
10,3107420290878	6,54415966463715
7,14759301039707	3,20203348994284
6,18624491706032	4,39875466981699
8,99305975718658	6,36344664428041
6,67707684391891	4,31366145985683
10,8533323581773	3,27869127276434
6,80556903277834	4,47722818191814
3,98495062162935	0,930321119134882
6,79568955947378	4,30834915076631
6,82513267419442	5,08292141870765
6,64714871902823	4,36867799544701
10,0145488987188	5,56306113520592
5,60199461812429	-1,29638158506908
3,63942957825817	0,903934491222408
6,78810837663355	3,71540995977734
10,0045999362626	7,08256668821793
2,07832798925217	3,88657523084791
5,09990512363681	5,18028121392355
5,69143819087438	5,15145951015482
10,3407685615989	5,80429917170215
11,0422483342759	3,61201607531827
6,98059608594033	-1,13002484457609
3,49683323463242	0,957791092653629
10,0699177537875	5,77045020319631
8,89680172219703	6,80133179369526
7,2995368987616	4,49867344178299
6,49272345130484	6,12535900789148
7,19333334265482	5,27712322966746
3,58486052878507	1,02731027284003
4,82332304261993	0,462598628781481
3,00284747991845	1,53295526224511
6,19314154725545	5,23903179629397
9,95929882281162	5,42842541115029
2,74139785436008	2,68163979699379
9,90605083718859	5,71631144508894
7,90554007241265	7,57647680531172
9,88989099396379	4,50110066994209
6,98937017222888	4,97652247729732
10,772709079707	3,10648401991612
3,46653969520647	1,63535179418251
10,0079491589463	5,9514996483752
7,03030603110147	4,26043956869829
7,64457153246659	4,47701313391336
9,631378735908	5,75935804209607
7,23378970972197	5,22837251380592
7,44534252193609	5,01635288371281
5,72207249946931	4,15150418354516
2,83515534488582	2,54292657306371
10,0046380831913	5,77829564028971
9,71350280388355	5,74179662709112
4,55759326008951	-0,187312738574509
9,15154842030202	7,58059799989001
10,9488156713809	5,1839221409827
9,32176282256059	7,4463048857405
3,17974199702739	1,39279206343219
3,00685392977471	2,2272178487678
9,56174461919057	5,97343158184384
7,85598357431471	3,02010134568942
6,41179283052737	3,30328030218996
7,23055351077379	3,34151277126608
6,23950918268482	-1,19244316439401
3,53485494642162	0,871289723872221
6,22826012556814	5,34776730738629
9,58479174336731	6,7906669872677
6,63377819990697	5,11007623803586
9,58413287109498	6,31153366511881
9,83061968861191	2,0087822296116
6,94353489676553	5,36244430930256
8,99687776285597	6,23122237891909
3,26986530499583	4,59072430098175
6,50828172645501	5,69651507643872
6,94487060487259	4,04259515736396
9,97776565588252	4,84605713426321
7,28022781432903	4,23872328997912
9,80605361248964	5,78839093195093
4,36404460676796	0,945639013909596
3,79286520799397	1,37184264492873
10,5213078976633	4,25314940708525
10,0994191376932	6,03875545386856
9,84982737848567	5,93944272723312
5,86360248685473	9,28563032754154
9,93728627514355	5,87368175009372
9,74805059926126	4,54623718824744
9,99805808152565	2,4024173338003
6,34727508504139	-1,62302928608108
9,39108922130817	7,95033713215171
5,90095582463862	8,79450783235223
6,46928093215852	4,08681471102944
10,0858773438379	5,65361085743758
7,15837090720385	4,25267720416277
6,71824300285408	5,38831734704624
6,4464291185886	3,91206255691528
3,54670881177641	1,97961781774149
3,55218225313116	1,25257787677435
5,49390961140567	5,48982323429904
7,01641203335869	4,16109165653197
5,91833668527331	3,73069001265618
7,27859412157953	4,42653514489263
6,69566109705682	4,32443995376517
10,2101278338745	3,65101747626563
10,007261874844	5,90473087172482
11,0424064037356	1,29521198760113
9,93494944289783	4,18646592516791
3,45687061338511	4,96333161823766
6,57592317454358	3,97661974402535
4,17084433271961	1,2093632861302
6,92744470428388	2,82990367383046
4,31759929677645	0,955008959087824
5,7555898466561	-0,587820710676479
6,86605881454868	4,42006598448667
10,1810474550991	3,8872954743223
6,71845821887086	4,23578036404288
6,91404710931406	4,40935413966842
10,3338980893805	4,30856744612319
4,97894815783825	0,322291299944485
9,84215779192767	4,29723658041267
3,39395154621128	1,08802506192541
11,2788352753986	3,59315638468698
4,24371948809812	0,761916621102343
4,38051533378551	0,961719020848334
10,1460951557231	5,6939020879624
8,78284916607429	7,79223602918551
3,29751360281856	1,0833867484111
10,2216958665919	4,83234583062433
3,21374450191323	0,18120310336213
2,85592369868015	1,77274743892919
7,15174371071961	4,90598120478809
7,6819698086349	3,81534695451974
9,3211489323908	7,6163829501981
9,23805991729219	6,92717546047322
6,42659841193372	5,95815695272168
9,76807464512928	5,82099120305716
3,51690540169639	0,94779072169225
6,15418120105006	-1,71361193595818
9,9492276429047	6,28559058381889
3,33734713472674	0,94591759795183
8,38101921139086	7,29539663622441
3,2287176094491	1,00414194492335
6,05491078445304	6,09107831673755
2,32743464999195	4,36986774270465
8,74987576482281	7,81972443012401
7,02126331755029	4,40518392767785
10,4207662825951	0,990208067497563
9,75887394798921	5,23088145603428
7,70443684513681	2,25130607443423
7,03999718443757	9,50055141498822
7,17956633643141	4,32823382689528
6,58579427953373	3,73871950756822
3,27520999466656	1,18904308741799
6,62247048066453	4,47860410015215
9,28912432261387	5,96794621676853
3,02184537817225	3,56001132309967
6,40715739264412	2,83351812561766
7,07833068694926	2,54267632992178
4,28404170698877	1,10008919606607
6,37279003027557	4,55935158708362
3,2774060540166	8,68039885357855
8,71594625043234	6,63969839156623
6,66777373936795	3,72230321073041
6,20497084690808	4,38020949729396
6,44554003913272	3,83358621762088
10,6791211082442	5,95283892817396
6,98298518936772	5,24150131540587
3,16192250020184	2,72922686905923
6,64083008886933	-1,47221803519261
2,83933019593704	2,8335471267306
9,81486675932985	5,90528211911214
9,99679606763882	1,09311404731053
3,03161465414904	1,36816646371538
6,15259319974556	3,46685343413206
10,5509190365064	2,78146715402741
7,11495299166581	3,9366901790206
6,46681053579067	5,22382833063635
5,2228854798816	-0,545577072441416
5,10080552001091	-1,27128125896874
6,75775741937602	4,22830402649646
3,68060199580936	0,894696782582573
9,56436899768634	5,9196169808907
6,93687916067954	2,99972057313561
10,4703745999401	5,4838210170389
6,78494106194699	5,08609116367031
10,1706848458647	2,34705159045866
4,06758723260633	1,38542826849374
2,69762773062459	1,26340259415057
7,53521976471735	8,93462598349267
3,52882384735117	0,727834402546873
6,69645430461552	4,62799716853631
8,83049041864407	6,38773026685137
5,55903768654789	4,85772412602332
6,62691951246998	4,31618898540555
10,6249326889936	1,4515983277757
10,6756945033456	5,0110979868206
6,09173681303738	6,25068179480111
3,63741025410873	1,01819788927171
9,38712435718694	7,41275254726224
3,38210707953852	0,484814963704994
5,98001098123485	4,06847001054186
6,8289870898496	3,37964326360253
10,5081184796682	6,24076440385722
3,45445433312222	1,49056495766596
6,56098162738228	5,05998289400012
9,09797606348954	6,42107861739122
6,94470603377375	4,3397619585384
4,1027621468149	-0,232559079065923
9,77020476909901	5,46396613958943
3,17227862659649	4,48670818339211
3,99271695040866	0,34970957971536
7,14007647684235	3,90580020304001
7,74088563594829	7,96656132650898
6,69747882251359	4,40154329397312
2,98570607682018	0,914656369714221
6,45045603212331	-0,896642126518281
6,66617563827817	5,02694661321273
6,88449757294677	5,71429827499878
6,50141224020773	3,62589292493534
9,14898231739711	6,63066386730862
9,82401202495367	6,21548559347273
7,22873784969212	4,13021325683432
6,00472377239119	5,11799249924343
4,3811220136208	-0,0507007699963831
9,106091028129	6,15807361407623
10,9644449121798	4,6720793133216
10,6429275250505	5,4966106516491
5,84295901454189	5,2361746016491
10,2621997709433	6,30398118588019
4,73873062448837	0,421899797172602
6,6208973987474	4,21493740767889
9,87233785655607	4,28399114293213
6,7263381725996	5,39082236993434
3,3544909816663	4,91204286767668
6,55295340931762	4,32002205714989
9,26821692072631	6,04345800661124
3,49839639430254	0,7907646865576
5,90635725202882	4,95877536651391
6,37211919904357	4,43207805595473
9,91951095484937	4,41439069347527
6,13212495070841	4,62611075482634
6,54387486045882	5,52262028591342
6,87214162762269	5,7817256311855
6,80763796658424	4,07395621734077
8,92832087571291	6,26194030249346
9,67059539196271	6,24782759159778
6,67800594883734	4,21183194130274
5,83676731115942	3,84145513118577
7,45418452016977	4,85375214237664
6,92750942282824	4,97392864345203
6,70999779071258	4,29455220516569
7,09405095708657	8,05261589384444
10,9766312198797	1,96005304713601
6,70865343748099	3,43922702412796
5,84143426715097	4,91125394609528
6,77817154407773	4,90677208508284
4,24307358353535	0,977502039702168
7,00185883309459	4,0317990981578
6,15133607087799	6,04763517279866
9,16193166493761	7,97536211560721
9,56628626049292	5,52975111309193
6,07564521647674	5,2385630458766
6,69474202530361	4,28797256022389
7,17336716358977	4,51453577554874
7,05272429002946	2,81107041381406
3,00593438966	2,24014908389848
10,3035594680891	3,98497430405943
3,26834978228365	1,57096073196432
3,95820127581667	0,273650776044108
2,77840766104156	2,04629548741634
10,3885025127336	5,85393967084643
1,97198920708379	3,64059987746049
6,9986966972102	4,37338786489879
3,42587611699221	0,811488266812436
5,78263042256458	5,41833787680307
7,22768856150292	4,27869403536071
9,58741181957155	5,87229919871628
9,87732558437622	6,26409072970595
6,6936374941918	4,31216350741267
6,9289432772467	4,46095942108468
5,24463343146846	-0,850950313001505
9,54916480440138	5,75703928553743
3,93068113079478	0,175419315271119
7,02969212568726	5,20676267368803
7,29820206362838	3,84727278638132
4,08526122783046	0,587304377849923
6,24383008051487	2,58976348439815
5,57607414551236	5,03426895583346
9,32965460574406	5,80159902845282
3,51679086514151	-0,18875850667366
3,64115266026374	1,61332940316454
9,70553519480938	6,38984137396195
6,45419117854024	2,60643967583354
3,67551321235257	0,887501424434901
5,26373914644803	0,0585859936867375
3,24532671062469	0,486423750311456
9,7949689105391	5,31176774111388
9,4574016470288	6,0024854718294
2,47920578049869	3,4570527326221
6,82755899886698	3,91533036944668
9,84552545694895	1,61934152640042
3,15970664817393	4,8755402044763
7,35141913042322	2,3026221788456
6,16281354675123	3,75292810216433
4,23544812180192	0,992396012953764
3,48147975497496	1,51307033473891
4,36563726262528	0,00133739831621904
4,0845092209565	0,433375663877196
3,37330415790956	2,77732693295947
7,75660909903883	-1,18715901291828
6,58600637950102	5,28162209302633
6,74759898752036	4,22668795840666
6,07573979990058	6,16979692411956
9,32728279667424	6,68548981306226
3,44406602992042	0,841578588280598
10,7457788980813	4,45971518538677
9,19529321186569	7,95124305509322
9,37703080085896	6,1313615510301
6,56735066208366	2,73418619574715
5,87521306934745	4,66900381199832
10,034137883263	5,79546325909101
6,63498468859438	4,23766780352514
6,81974704222988	4,38614789806715
7,32661391714412	3,66919989176256
6,72713500635302	4,93169442802378
6,3464669402929	-1,21450700906988
10,126858480306	6,74791180810069
6,87182618304898	4,03148064326508
10,3288487524848	4,93349513863244
7,64202517703278	3,43490253004991
9,67294734758381	6,83814552337845
5,86174360354169	3,58755204434259
3,35271926568994	2,02830688753307
7,23486951872847	5,07495990462802
5,42060838427863	5,18126445786565
5,88971040036211	4,39500588708476
3,25649144544138	4,40812062450521
5,92330385764681	4,66941228206804
5,42685751677007	5,45510400076991
8,3696459518904	7,97325705197633
3,75978021831365	1,03537332929845
6,61388265437887	3,17346064789112
3,4489418209597	0,8441431912625
6,19392271566936	3,83081748901989
11,1662745215386	2,52329868412441
3,99350689009909	1,21592577603432
5,87452897664101	5,39049585825658
10,2550787346812	6,76768192706302
9,22121098021676	6,51587785544818
6,87974512030772	5,52614527003896
9,70337067077743	6,55174299743341
10,9838507637825	1,91091194015011
10,4498416450596	4,84729387284258
11,1043146120525	4,74297568259887
10,5517477906004	5,97223926718945
9,06667919805472	5,94871955771972
9,65918546466075	5,90715386898841
3,31875811031048	1,37098469023033
5,44130565063286	4,61106288502731
9,99994682584051	5,92852248911791
10,1105917774612	5,82409355073376
3,11272608349308	4,46971114983053
2,83169717827449	1,77038204219457
9,68290195215616	6,23734567316692
9,49061561705838	5,23304799436681
6,97036516579134	4,11159354706714
8,2200080243511	8,06024049627203
6,71810591006643	4,59367313286466
9,73582482992745	6,91284004688071
2,58290696780507	5,13224907251215
10,0757054264381	1,97637802824703
5,93689197097768	5,25604491783633
8,34271731526978	8,81204702355121
7,5978708321248	3,65906634568036
6,70523578397718	4,39696732807427
9,94114968054585	5,84780896267194
6,06382356660799	4,13054744620071
9,54069576278427	6,41118457495022
5,80862842891093	5,10247542934636
3,54553752722064	0,749233578520944
2,67530680650738	1,5732585410948
6,03731780844028	4,8932428303287
6,8405631835702	4,3423375605527
6,91281970743931	4,4233662679695
6,92672660435651	4,2488324968761
4,88392993928526	-0,313863007779027
2,49018124693852	1,97320709456177
6,32674271309586	4,31875656976997
9,52145437202857	1,1768608735283
3,04619139387337	1,29204511896072
9,77655294398348	5,97037360841525
10,6180020330616	3,9534976818727
4,07281238194363	1,16719142469458
6,85693585163722	3,2084430883836
10,771225117722	4,11497000692883
5,97882185289878	4,34848443310676
3,49231857858763	1,09869391926296
6,55481927901449	4,53677614819851
10,0116203536711	5,90192816104811
3,84250641496316	1,04956448920019
3,44665882844337	0,980047792967411
6,32213997106718	8,99433206721842
10,2244904274222	6,2334700083273
6,66523481566636	4,3090326712786
8,63306397906249	7,26866447379604
6,67301497901237	4,16016690195537
8,2505751047913	8,33353103063414
7,39913534651751	9,41566219066922
7,92283131949799	7,71707684736917
9,20483190074752	6,61692032277785
7,41082940700483	4,39812739255109
7,42632843582654	9,12520709520847
2,98094156251353	1,24877187829514
2,91093050956115	3,92501027321325
2,70970767088086	4,99923568926385
3,82678477550459	1,61200902818117
3,49430178316445	5,46303870951859
10,162095370021	5,00383399735878
9,71869483475656	4,63089169356669
6,92308003006913	8,39944442482369
3,52023406457759	1,00007789027081
5,5926193906391	5,12478456410796
6,52967594815389	4,32216926340324
3,18998233294005	4,99797709983135
5,49956249347135	5,04919182341719
2,6816865219069	1,13795569173982
7,57759399397175	2,44719565577269
6,71688708949286	4,04331833287961
6,86257758285263	-1,22261673757577
6,87596076286987	5,06890410077414
2,96611372578622	3,33476814652175
3,49576112309898	0,95458080785187
5,42440169122984	4,8792715539431
10,6488948179849	4,52640723967406
9,06700292455391	6,74818346312894
10,0091020882065	6,66057262423731
3,82302608547751	0,773912182210545
5,2709212929674	4,82464369879506
8,04344928869865	9,15223496826511
6,58725764717367	4,44455354229483
4,0453462961295	-0,585755630244473
3,48458232012306	1,88166529877704
6,41471609449864	2,79400241080667
10,152899786407	6,14543061012703
9,88733010792337	5,81251574509889
3,06111751296946	0,406011348739497
11,11486257832	2,40560474162963
3,67478362406291	1,01208696255572
8,61398379810193	7,01178040600607
3,61338403792813	-0,244850786622575
7,44150016304235	8,72721712467762
5,31271734536288	0,150753230820024
6,78812947475376	4,09057610052229
11,1388163885627	2,4395938420223
3,51575552599495	0,891142730146657
9,56532672511209	5,43336938334867
3,15461055680947	1,82101368387322
6,71979860040479	5,38138042538452
6,39976126823695	3,16226953543863
6,91532047139216	4,50920658067099
3,33378212127722	1,30885484394085
6,06754288393339	3,57396072225376
6,65544804169737	4,91136669513117
4,72140119558283	-0,0758429708899111
3,49903491532534	0,951284421928999
10,820398556196	1,80536486595837
6,0569198109202	4,00851256698226
9,9470607241046	3,31033582615874
6,49425081171492	-1,4221035545793
8,79974636878478	7,04111408094161
6,99211324537282	3,05424932394589
10,1257904928291	1,93853528407804
6,66148415624971	5,6334838881182
3,91537792966658	0,424717739111013
6,67736209371013	4,35139482223233
3,91297278031152	-0,334159311679281
6,18747013632571	4,37358601714344
7,63563531637723	2,99319823431702
3,36933012030571	0,848624540725313
9,11502008021348	6,6213072484321
3,26699176900977	1,94213803995751
7,02651911172217	4,10646696994791
3,2539364530416	3,35447512799081
6,77184191552927	4,20308251404671
10,8644316372596	4,60779124064841
10,3523679098173	5,52106614611925
3,42126014579959	2,26332579425335
9,67816900073795	5,2689403756476
5,01523157974787	-1,08077734876831
10,6614876734092	2,7372716064167
3,56693462562107	0,857753930619237
3,80497769491699	0,414702643425868
9,4542708243987	5,27731002353334
4,00877869417851	1,51014898028843
3,52219645468766	0,837962515266575
6,46270303678866	4,16740250457586
3,37530511155595	0,976186712814053
6,92664520068299	3,93726006095044
9,53807887535835	5,69074751006083
5,40080134211821	4,92719885886891
2,29975798861389	4,51187806117612
2,73678906660822	3,59146456144316
5,87941214872244	3,26909352309454
10,7361071146309	5,09153438043256
10,3412649856481	5,77474140714736
1,91552920949531	3,29673222382686
3,47814288580827	1,05779154082778
9,67019716582298	6,13747499721844
9,08828860101123	7,39087683995782
6,14837010856002	4,90851612340121
7,2270793365264	3,57628602651663
6,7590820802809	5,87263767177618
6,62251683516817	4,32096384524182
4,15097926875456	0,472966327878285
4,69286748503023	-0,981754593274107
6,24236316837834	4,18989871030784
6,62188238623111	4,55126665008495
7,426144519821	8,72651902288872
6,80311747835811	4,32395912570679
9,50269284830132	5,00012283533312
10,8615226227439	2,35442039257309
6,79675572150344	4,02428052658534
3,25087365945653	1,84160813588452
3,84193519715959	1,45010129243001
6,70119447440244	-1,61708965812716
7,03793463408626	5,28799309557665
9,50552051551132	5,9758726374599
7,52996251018682	4,36657766152833
6,21288959109126	5,00324203059033
10,0593420796164	3,16703498497097
10,7564416117274	5,83413637608548
5,55295724759565	9,4520157027291
6,1822995234489	9,73225141955668
11,2388760425322	3,96248892675617
5,7014280419221	-0,127119330529929
6,70174496047656	4,43039770866719
11,1370972556745	3,64264922502515
8,88952437219983	7,38000632159811
7,38323883835797	4,81172886754982
3,20627462951949	4,86037360186328
6,18375021854477	4,41136947406781
9,66575146689397	4,70217828626036
6,57554729604325	3,80216598157272
9,32050694652951	6,78335399247122
3,20295978629676	1,47486654772412
4,64772479134934	0,487437237707773
8,34691650632367	7,80083270135109
3,58858223787836	2,23754536566411
3,67599922613645	1,05302088683222
7,62356649233698	8,25501873311507
10,0835094726398	5,80639459683985
4,75957287671612	0,627231859997443
9,96454816670918	6,16687038716524
2,0535436400559	3,06307722962568
6,30783583029941	3,51088225005854
6,89627866615773	4,43109286098294
7,3762282992574	3,23853857180616
6,09688766218528	2,9659475353944
6,88904537845643	3,38362607910173
8,64083218500389	6,59944185680263
2,3319819029717	3,97795564074913
7,13674289312207	-0,574758939731311
3,86418057059074	0,190821104108969
6,92090382547444	4,42856076615912
8,65737371915791	7,64109185187513
3,48040099806988	0,971862448628515
6,87921450715317	4,24831481287626
6,65708681560636	4,30655845652749
3,37894653957946	1,3104721483508
6,87540961653329	4,19640670004222
3,36272106991465	1,09223484638754
5,7758320002649	4,63534874879479
9,15799820960319	7,10403574991396
9,41147530681392	5,26246663939292
3,64975321868035	0,00972562575972369
9,3215457201277	6,32238427570518
10,2803966273319	4,41064637051465
3,24649309366531	1,56547723780275
7,26084153348975	4,8809863837273
3,32065089136698	2,1613815935039
9,5299890969893	5,13252237709378
3,95204037446441	0,454692272608653
8,57711875175664	6,7129958337297
3,7943802706386	1,21664430048844
4,52754696674846	0,785707874334312
6,38605083784331	5,18362397206224
8,06209877739495	7,87207389813105
6,68235261452983	4,23312189852305
10,483717541288	9,99935123367803
6,00191860133025	3,44376660056518
9,9762331682914	4,17368464217113
4,63063457595314	-0,911587824437934
9,1128866343962	7,22214542628184
3,22519024252807	0,501966838633538
3,43872254171281	1,3114475873431
3,97328725620662	0,583787966441702
3,49656926193449	2,09366328000076
8,64027689934273	7,25851296543594
4,07577176138625	1,22075460417841
8,82138775458108	7,20005222338034
5,40560393465403	-0,894040780524822
10,5080609091865	5,68354220040491
6,46288821349732	-0,783281186810292
10,7850349299987	2,97764615809648
2,02548209797228	3,4145591991126
9,98944758812506	6,94059746680235
8,89390318697326	6,34028180723381
8,28395424805589	8,51067706005033
10,5592704451246	4,59521961478442
6,70560013520952	4,36411037393301
4,1064235321918	0,612957224652203
4,4112993313612	0,993822860553838
6,02965181654735	4,36507694078542
9,11725792546964	6,64271986953695
10,0132971667112	5,51866013209106
3,03265532253063	1,69623334523163
9,97312277433591	0,323948736261485
2,67578374765629	5,39321855602771
6,863365483526	-0,421127299947931
10,3254831792923	6,1553360944384
3,143815289963	0,86190625128717
2,9832329900976	1,82035651904762
6,76548248384108	4,40605679018162
10,4870870595156	5,73247791380156
10,0550666093991	5,61661131741109
3,65059390230303	0,780895676677192
10,9925478845311	2,2053340128005
6,69099711493719	4,69913658195639
10,2735717170331	1,06715240876786
3,30085158393812	0,572206170896557
2,67590956893276	1,79527949125219
4,90049781378896	0,280794842359319
10,0226933198946	1,45460391056914
11,0386134634877	3,7578451052125
6,18141311868682	5,86063287642853
7,22077442214209	4,18277201936888
9,54922992238295	6,47609386876994
2,61913246723505	1,19953803612534
10,2739653035945	0,112073196502704
6,11143328741703	3,63327106792166
7,11588417013826	2,92576402641863
6,44196599698427	3,80764595552982
10,0798638673243	6,1227542768513
3,32370491884533	0,459610835120776
7,27721534935755	8,89084285019161
6,15441729517888	2,75989587739299
4,01602292611894	1,13677471813669
6,57995299148051	2,82102995653657
9,48702090582298	7,49815247593673
3,37538025575384	0,724638191123279
10,406848635884	6,285518281445
6,25194073710646	9,33074309960163
3,65116489594662	1,03151320777329
3,56375982030596	1,23900289029754
2,25099489588706	2,81159579796654
10,0557154421255	5,73157348045758
3,52520694436482	0,307840116183292
6,011334309062	2,76069705709467
3,48119786019538	1,02851390015034
5,97169850305758	4,40800913707577
6,06382135167204	3,96270541354733
3,53351460563168	1,19592250363055
7,41087380535081	3,51893286731991
6,53880039772701	4,30953715140967
4,3441039620858	-0,17677814855443
8,79452359549224	6,97718840333904
3,48831652799389	0,964458453247989
6,70094335262712	3,18284425270099
3,92703245427174	0,5267651849002
10,8474777050203	5,26093204737467
6,44254170310673	4,18362283422848
5,97555255286183	-0,802047028125696
10,7109295355991	5,37268988932415
3,83535903768277	0,588831417944068
3,22621282988341	0,843356903165745
5,01689399711412	0,03476577402837
2,77008521319865	2,65482204478562
7,04172953584765	3,39100306371442
8,21106320284177	7,97505200686712
3,39881861663398	1,84860405122679
10,3438441752922	5,91726375895755
8,94082166536377	6,48434762886678
9,59339104299377	5,93741535452821
10,0724185916488	5,58908561494509
9,45128433620767	6,54864189524371
6,3215110260482	4,27711201293604
3,75786292504287	0,876179362088442
7,08428925518102	-0,583462794830081
9,42662172329169	7,14068628196083
6,56056449353861	3,95297233953381
6,25151634990136	3,6873523517891
3,49742333464771	0,841164900639159
9,89213049582702	6,14517758796973
3,07964796412885	2,56583862974075
9,97312862083647	6,24942737142415
9,91586525556182	5,86355919682069
10,5890398066912	5,60575932552353
6,69692067651256	4,3438307641583
9,97792322782449	5,90395678541829
4,27357384692641	1,01434295137687
10,0626218413265	3,07979702129403
6,69721245867886	3,96194375049837
7,37148867210759	3,85000851631499
10,2109853561266	2,9094723047172
3,6435066049665	0,408248214158419
3,50129730072808	1,98342498753877
6,64416930411735	4,5482505326678
5,61296806879339	5,8630567726669
5,09688470685436	-0,0544315872818673
2,78213899447935	3,51175272275859
3,7619069592743	1,53453911223146
3,30465284005272	0,869544367628213
9,78639062657266	5,90849991047551
2,83479452459075	4,04297869709856
3,67007222308363	1,74173694149017
7,54835828429089	4,54497539224932
5,22243963243683	-0,0981059867995426
11,069898235197	4,68342366101945
9,84334087613346	6,20272319575265
7,14485179552773	4,91038373481152
4,16967075197081	1,29373030028241
10,1698406576861	6,89886124134603
3,6546088560547	0,818900796990586
6,08750170016999	3,86237391838161
9,89519061360408	6,29058517903853
5,22617435994051	-0,0794914199301424
6,48542009509926	4,51300592227974
3,12749840258869	4,97711016149054
5,6340856713228	-0,164498991421947
5,82600171969668	-0,244009726829013
3,35608252744571	5,11782054284684
6,744479254102	4,17868369039859
9,74414378626426	5,84743107895993
10,0813046796425	6,72998830711359
9,7336894016019	5,69858017814263
4,9646671709342	0,195963618103027
5,20607881016702	5,07618954920103
6,6508304579919	8,90535950136355
9,30908845623651	6,20861594660391
10,7103612378963	5,5392962855654
9,88721110965901	2,73152623962371
3,51321359002011	0,942678489317538
10,1199253095017	5,32811197597702
7,37057519497456	5,02745714828763
10,4949121721953	3,34764905542075
10,1939987743367	6,17665058441806
2,71734994486635	1,19325947512025
3,69402665578458	0,518602516869476
7,00369892362251	4,63818595877812
9,64545731976747	6,12713045366564
6,69490360712282	4,39868023628665
10,3929094523181	1,5737048694016
6,73948004325711	3,67362162585189
9,79845925853917	3,74198087588432
9,87068380929899	6,17669033212241
6,15131650680341	4,28374448586195
10,3508561946305	0,776497309621929
10,4075842811508	5,10537220481941
9,92238291519266	5,57715231732651
6,915954377045	2,54348847083867
9,12490951594388	7,39802986252146
10,7059598205184	3,90370645452413
9,98119584494019	6,11862539456193
6,63400395338935	5,45621643013061
7,18764053995567	4,34860060919121
5,88113576060579	-0,436416116268262
9,94895031879285	5,82325608728165
7,33036936139665	2,7280334468153
2,95901724338381	2,46077876917914
9,72586152126638	5,01063048458857
2,57243413529231	2,93773823165874
3,00815013268291	0,72795173800161
6,17196104225186	4,49962379832452
7,82780566290038	3,90236179024531
9,42952147285958	7,18714739977667
6,41543021698271	3,87789211811985
7,27123561080613	4,7485397873358
6,6456742078073	4,86047996279135
6,08152445705809	4,37735739158901
5,93070245283897	5,71164124048163
6,03096311786328	3,22951918121278
6,471304740381	3,7269708976681
8,17750952439574	7,95002011295878
6,78233009443286	4,58530650282321
9,85764123245733	5,72209556937288
11,2158742032288	3,70017025595662
2,89648412920529	0,783584582187999
3,89741820224961	1,38747976864252
7,09031997021856	3,82406959528264
2,23799066363108	2,89823956006885
5,28633557720201	5,24042369829058
3,6535666452003	1,36874148171948
10,0206954171389	5,72636324882534
6,42954556233254	4,89957513230578
6,7689882493367	4,32431750335003
6,27274150016874	5,34806158649551
9,60047742698021	4,66854769572565
3,57039963396451	0,508301482168824
3,29003900057316	3,20578030220244
10,082054250848	5,89316400542768
9,70722513814843	5,71762466864182
10,1899595295799	3,53400344664204
10,6148293947315	0,924740549712564
7,30238156668819	8,24558520817145
3,66947222100911	1,51523040633517
6,38883508819843	9,52486106756518
4,09977665482545	-0,109874515606052
6,68714327995135	4,36373140103319
9,42974621355111	5,73914817947489
10,51717259955	4,72671173431039
5,82068917468613	4,26532448880911
10,0151308749636	5,70434894667189
10,2401409902658	6,41140190658646
10,0867439904196	6,30708889247641
10,0805138434619	6,18013057568718
6,59942472000076	4,49453801292401
9,27348422495531	7,88579340271896
7,44586953306709	9,1880040645389
10,0821638906023	6,55807438758908
4,52487980480192	-0,580689423352866
9,29689745642652	5,59961396805532
7,46596235926216	3,1288698738966
7,34048078227415	4,725322947318
6,75632335579574	4,40304366170468
6,26020041372286	3,77829823254926
4,21851304830458	-0,332780558045364
6,59539411300326	4,12759821482515
9,38900332751042	6,67708849880788
11,0029552666918	3,70946785637635
6,48922021177579	4,15787206713405
4,57574424376188	-0,289473981802763
9,5102693649492	5,91727176002169
6,58167492330488	4,78447919124242
9,95908078059106	5,86805631714175
7,58707566084007	9,00656912475858
9,58618927724519	5,68240295387562
4,43648146955812	0,390418777090611
4,45074994763227	-0,972148215454698
3,92061051230334	0,706858421017953
10,7353152612886	4,53762384427921
3,41300642566034	0,689310027549456
10,3306752924396	0,31922835518728
7,17549225422585	3,70143157145132
9,83238582534701	3,73282255077858
2,12796663817811	3,13430356644331
6,81873658983467	4,41917992756268
2,58670553596353	4,7051577754599
6,36889069525385	4,32702083423372
10,2234357858264	5,91511811061212
6,84058179788161	4,37849736667295
8,64464894063785	8,60861877265044
5,40422295170061	5,7013452347531
6,08304830876544	4,31006676306735
2,31665677740422	2,12984081967078
9,70296031295374	6,02712818495208
7,23409503645867	9,34079496182512
2,74337140764599	1,82805698563028
6,66869176643503	4,32397306458525
3,60474543446634	-0,125712390913881
6,88690729202107	4,00880522373115
7,49624695255066	2,40821935457219
6,86201137921431	3,40660490598416
7,21651699928565	4,84336595871427
9,74629380752681	1,59727109386379
3,71928941577405	1,15095830319403
7,41531599340453	4,58905321442844
10,0965162176399	5,45942016020998
9,04761226550001	8,18865539321061
2,80601114026603	3,68270957386144
5,91467951341407	3,99246179241698
6,61279528217019	4,44590575690972
10,3417678370614	3,05113156581362
4,24037777330186	0,771889681556275
9,69726467512209	5,8535523194716
8,90660672183664	7,75204421200781
3,76743312103017	1,2583904136176
7,23411365078205	3,77009996756676
10,7193315770558	5,12478079695372
9,9407640831875	4,96198772896884
6,52733506643413	4,83877691515497
6,06361046960203	4,30974908100233
2,71778194717874	0,918674483204828
7,36680007688278	4,59826343789825
9,83347142456433	4,91173892068253
7,10268077777777	5,42867394290607
3,50069842986968	0,947140778284347
5,29742736655526	-1,25983793415673
5,80263402551822	4,51713298185541
6,63984404274537	4,03505717902402
10,0540447819064	6,11482894808786
9,71756136424793	4,38759229467011
10,3750304734263	5,74975577054403
10,2798018758184	5,95375048748965
6,2945937036635	2,74586557736048
4,95060308829604	0,0473972323962872
7,60887795427994	-0,686584117562566
4,57321524094967	0,770392781724391
6,49148600474321	4,23893329471841
5,66169226501909	4,38530743847245
6,53353104511396	3,26158208377919
6,1513505258303	-1,30512692419773
2,94265152067514	2,49641158304889
6,31754761022393	6,01653305520676
6,90714343670193	3,87163756112141
3,41896678662111	0,707034890992309
7,10014937860879	4,79351727765985
6,4643223701167	4,33504396474584
3,58437143835699	0,794181233810059
10,5023683994334	5,56557135783562
6,98584532540928	2,96044242673896
4,17247532552089	0,266339934476815
6,66085368454845	4,37126083153329
10,5962276687776	5,00730948630357
6,95444283435721	3,63306204713241
9,80839372356076	5,91751589574214
7,50621732006811	4,77728175930882
4,01811412951196	0,631519021044097
6,10190122682952	4,35677424535636
3,51794300716017	5,30331819650782
6,34532520412477	4,63575098452842
11,0793637143812	1,40870363805199
6,99622913607955	2,93331619244655
2,22938070757958	1,76626041734591
7,32298100710373	-0,801145316698277
3,9300486156589	-0,0212088036915853
3,91823063303385	0,852010163332549
6,25851416566893	-0,509963776337108
9,98574452184823	5,8422080872597
2,86797309823995	1,46533805803675
3,49204076577609	1,00215930470829
9,23641802426606	7,57818397059732
6,02937638415332	4,60269105882625
3,78652775423282	1,6029914503559
9,6430743433984	5,82362603989296
9,98968580399981	5,87944525151591
4,87551258298102	-0,738449165291787
6,28966009512	3,39892031233244
6,3769372464395	-1,15512760957336
7,93769532029654	8,30083880917416
10,2584838490638	5,48578380800849
5,9834676138793	4,2600390601016
2,97035696470687	0,711346342477269
7,72561554593912	-0,440255704370956
3,86541199582719	0,919900393486847
3,66066263730091	0,616089879803323
3,16857654320453	3,46140533198223
6,19490635600433	4,67451144722919
6,37439560810213	5,04895106115765
10,3089336999539	6,44706509182574
3,52606843494684	1,26313970334038
2,10747037421006	2,50541319150744
6,56253900981799	4,04108730249127
3,69252042804042	0,59335768358419
10,7957953637105	5,3057421770688
6,89985015514226	3,76368069655448
3,57119730398207	1,21048216250278
5,66731018049611	-0,591916983393463
2,61737107683934	2,62542110609611
10,0503727159105	4,5266593894668
5,94778260792427	-0,173029158955005
3,50769575047257	0,938710870268122
6,39423706204958	-1,20031223512526
4,0795675375791	0,580961790160132
9,32491536572527	5,61320547079425
6,67496782940202	3,36753093809477
6,45969594844972	3,4412019145959
7,59152649760473	4,57076401560872
5,35072348848556	0,0127275933070501
3,42917490719526	1,91752674796674
6,67067380187449	5,63263953820541
4,78502213617505	-0,443378917055217
10,3441620653064	-0,192679961683406
3,45460061943503	0,895912076217803
6,06232589102882	4,55531988299829
3,11598781298565	1,94384788437311
8,9077046063521	7,28916713198194
3,71856424117834	1,73596957179369
6,57614618988399	4,80997903520521
10,5322330908613	5,09773478236116
3,39480893469702	2,19637712455915
4,36941526942761	0,0625006652356475
5,36488588761602	5,20649185848823
3,22979351557419	0,914523533573056
9,84118305656041	5,49152339650463
5,90510143622988	4,9085540167154
3,61582485667564	0,856978424911798
6,58813407941596	4,60587629339891
2,45461674981392	3,72300469452832
7,10873184830614	4,36315162931035
10,2197155346838	0,512751532822117
6,72458920668823	4,35828094645996
4,10837611328986	0,309776832917095
3,2425154622638	0,682755601855284
6,36550669828648	4,31944528120757
8,88322033493557	7,17562717170245
2,7349497323315	1,57673538293722
2,63177460232285	1,25555615711193
7,13102046023976	3,21567433028478
3,60778495045286	0,926646539029222
6,58277159070324	4,51350298393559
7,30299983392889	3,63421958608573
9,8545360470447	5,69763364347661
9,80759720414814	5,99827533699919
3,0189103252686	1,09490745435418
5,9586001557384	4,30956964828284
9,63803733796319	5,9484892498481
3,86450480283354	0,313751021114077
10,0582869908424	2,50107466870561
6,52901383763435	3,00116644702535
6,70689144095287	4,32322823301523
10,4429852343829	4,60773645918113
6,26975618789697	3,90007656432256
10,1882216696935	5,67524563179761
6,78149877491069	5,08086852029493
6,17783013736256	4,3887176169015
7,69530550432555	2,13388620261995
3,85283746911102	0,75239838573276
2,88431314782246	1,82797458762661
6,7852474562059	4,49248506391172
6,80402963211368	4,34634478223981
3,46216374220817	2,38744392191655
3,25814451676489	0,691913984581695
4,18688215913198	1,01525549220134
4,08047998644523	1,17138872583693
5,89185367412364	5,66402860840061
6,71272781863499	2,71511451486114
6,73858290366661	8,50998770271217
9,86586362591669	5,6619424748403
9,84662407207208	5,88466550170775
7,68722947004562	3,96449115946714
2,10734378501913	5,22076836826201
10,627458522948	1,79008147491248
5,88423488716389	4,72003022766942
3,33278575156385	0,833577695899806
6,71904929411907	4,23031270484274
10,0026124689596	5,55572614018037
2,48575793260497	4,49351509601171
6,72572093040512	4,33544822589702
7,11589577871447	4,44914510187699
9,35432273097518	6,3808397739265
6,01388618040368	3,52784619999825
2,5694122465724	1,3719175415343
9,15216704630232	7,06646329293578
3,46052397363088	1,76737708911219
3,47515195533775	1,42456802107939
2,14623421566713	5,5938641699693
6,90091415938151	2,63817660230705
3,82850178647597	1,61761349733992
6,01608194906485	3,97943689089463
6,55702080834526	4,91215921253502
10,7591540873595	4,39782259526758
3,49767504765354	1,36174667919417
10,2968111173639	3,63277900392013
8,04648488379696	7,66033541351714
9,90902217653822	5,68749683880679
2,9635295822088	5,42772179497715
3,87737235771326	0,796831775448894
3,35411222121414	0,53673469137222
7,63203470501486	9,16142465840095
9,09160267575981	6,32336007977873
8,74523310333207	7,17028842699916
5,08555015311469	0,191205965291187
7,11178779209587	7,98800255826048
9,30051674564207	6,30031545240066
3,85483866901578	0,764558189641658
6,87396352244139	4,61050464478513
3,78681971089514	0,85602175255006
9,10703078279687	5,95148763077128
6,1537367145625	5,13321581093727
6,01175594027516	3,37487793931473
7,07392315646236	3,39767803462666
10,2577149884203	0,542071924991379
5,57245431371643	-0,269307791470529
3,71863317176647	0,604978062701734
3,97899407328721	0,865989009785031
9,85518574681452	6,6139727926085
7,06254364037612	4,30536834723444
6,43274678821981	2,86354739847713
3,30012920859329	1,07268951816578
3,63457895957637	1,67285523881905
5,90460274659823	3,72274764849072
7,3416428395184	-1,71468654342911
10,0357873199625	4,50474380304032
6,33228234563673	3,83302078819047
9,77933175386092	5,22724550793626
6,04556290856925	3,08589647828585
9,90822981710885	4,66847587259682
6,04290928030059	3,10892510814537
7,66960537196836	3,21149553410858
10,3500249293862	6,30481394249815
7,42075606006514	4,15416169488656
3,61282013662127	1,96169205757151
6,30770297360308	4,49657809881347
9,83287605683289	5,52823359149834
7,11469159275907	4,30948381124107
6,36261478453045	-1,63898531211408
4,54932614836632	-0,968013564197011
6,46951051166163	3,37004921120339
6,83857486261642	3,90196627961904
10,0303560982172	5,82098045340484
5,17210967143859	-0,434572651326456
3,58899411903234	0,821625630066578
9,96823430328608	6,10809444591475
2,81742462782977	1,63276807094182
9,0453643180086	6,6436215825807
4,09396654815237	0,860124549229083
6,99838814524298	4,9211199511591
6,76637347753939	4,6225787576943
9,74981781185759	4,3522601799163
6,38896603938139	4,50657294214652
7,3106263725179	4,0338582425879
7,00745292789841	3,75772682667089
6,48979140061171	3,87514715844195
9,88718405479811	5,8453372278284
5,83354438200972	4,83705705977017
10,1122095875966	6,16992454215472
4,75958382741469	-1,00351611341516
3,16481446310824	1,82490715919158
6,73134793334081	2,74063908473498
9,50826440232404	5,72190469145555
3,80069279162424	0,902912496812895
6,63037921510196	4,04279236509316
3,10382851565511	0,556363815004592
9,46673558790132	0,624290339558635
7,46590162050797	8,66597454359779
8,32920589595394	8,5323154596722
6,60918390967846	3,34330299074271
10,6289193389477	2,01041506764512
6,64272000703899	3,46111308833069
10,7428501097264	5,56239642479337
3,09116927497625	0,441280275785711
6,37288488050072	5,62846696242657
9,68984007660363	7,05811748187516
3,34594087532053	1,02605098870331
6,61743251276517	4,03320869410841
10,0269690780526	-2,79695452347173
10,0702323289178	4,48346631351808
7,2209835871566	4,91266506987268
3,37615539315338	1,01864802593835
7,00326832512104	-1,23928954645264
9,56621569978109	6,22701195561495
3,46309600971158	0,999456695657561
6,43482247169241	4,30315461081831
6,65338927251358	8,3655413837908
6,7291744753843	4,32381268245401
6,04830290829854	5,43148951295392
6,85954435307872	4,02294766601899
2,99740588200022	9,11229272402313
10,0109187641283	5,91834844742169
5,53353235021839	4,90012092421299
5,77987617389377	4,56283578238793
5,30010386433544	0,0678169795633963
9,5332178289457	6,05060693085962
7,29901061871351	4,17761927922865
10,0009541698604	6,0468962908448
3,1918116793909	1,2998496248461
4,98790378723845	0,266625600887758
11,1133804587225	4,36540052090847
7,41087864401892	4,96907540199056
8,33095665610771	7,90091424946041
5,565089865469	5,41492055906157
3,76526080848337	1,04057479360162
10,1649975403034	4,65506291080468
3,92320349388799	0,912306908845163
3,51259805891707	1,04926985253465
9,9666497406193	6,19008214925332
9,31912783442657	6,19587687798205
6,6474536076841	4,4039398965123
10,3536000641393	5,78038796161637
5,81116658516872	4,10491981011705
9,81948325260084	5,99158769439352
6,75675917447784	4,26701184862756
9,26809979227694	6,67228395621591
3,78286413984478	1,54944405902382
2,41785828056706	5,74463837403256
5,98685154579618	3,1989481056905
10,0879170570727	5,58078854213377
6,21779693538031	3,76296162046715
3,57928592926485	0,661502578635046
3,48534138765083	0,988287454632472
5,13697635429451	0,333059538888545
6,86968231697392	3,36180618627668
3,51591658392831	1,94251641401649
2,45891087537244	1,72739553053989
10,3216948524269	5,73972763318178
6,74187256535425	4,60593200856499
3,16092756865654	1,45777993045124
10,3668150535658	4,66538213083249
6,11084847283583	3,99503299661584
8,37369131236238	6,97655914687303
3,51011061273763	1,51426438580764
9,50544499452747	6,56220223732257
9,05402636329798	6,2836831311983
10,6763741550741	5,35917930132358
3,45796077260139	2,3043203105535
2,95331164832428	0,989490456035313
3,90327669604131	-0,15457776654903
3,4065323129732	1,47743659040488
6,66335679825196	3,78075051352681
3,58498967253815	0,91526417083954
10,1647045399801	6,06724331188035
3,58059170573067	0,109044309691044
2,86273000891249	2,88874392938375
3,84719128743109	0,987982090219609
10,1547734357098	5,02572555065356
1,96297701565538	4,76992949135651
6,3324375720154	3,26071401319835
5,67616474747682	10,1290428930545
3,55407227353992	0,751783835102485
3,57111534854403	1,68627433496622
4,86000566400794	0,136065628309942
5,06861841187954	0,0201882283027499
6,52600730995046	4,85430824529652
7,14658087328417	4,847456555278
10,3953808785856	5,73165246890103
10,5245883909983	5,2164698406435
9,38396499867748	5,29510843453246
10,6148942803837	5,43334491174488
7,3874925308495	3,63777366306968
8,61791312743763	7,53703294348348
9,02204109953424	8,29512858065458
9,43741854496161	0,357656553814329
7,20949527883086	-0,457969204491698
4,0786368032935	-0,0364796947396737
5,59049277194388	5,21179366114116
3,07376953260161	1,00223146475492
5,86909544564532	3,95536997192661
5,37449637940661	4,68251947895178
7,51323221164884	-1,86980077735255
6,29578520128417	4,78677911030112
3,54791932849366	0,848628093985652
9,92210145643305	5,88480636920379
6,10670130189007	4,04187664196826
6,56924233008104	4,2136450740112
7,6856054352654	3,07029701503116
6,86594430878576	4,00142804190814
6,83229639830346	4,10861371251896
9,7680608076567	5,79024179093256
10,1454265023191	6,22773375714588
5,71004073245228	8,71471693357837
2,66063106637898	3,78044871433876
2,49840764629893	3,76924228102661
3,95165676083865	0,945935828628285
9,14862595643223	6,15657332105624
10,4481311687498	1,62021842644508
6,84664680474128	5,49013073880347
10,0570862864354	5,7803249196247
2,20169396874775	2,00980126578425
8,78023837804005	7,77492569252769
6,47990354248105	4,39528454799373
11,1525088385207	2,2198447216724
6,98593228169096	5,47367644949325
10,1285067155291	4,74569730475855
9,90414540717197	5,55890068569167
2,81292256114647	2,56188852093449
3,41103517045792	0,877683594702468
6,47797051528409	4,96913185968665
3,78901969366128	1,12285317414747
6,95059642263013	4,94336037083598
6,62489928632066	2,92518555324265
6,38722493006782	4,41015479300027
2,72379134517371	1,25078849621384
5,43671275037658	4,7870998020636
3,72329813226932	0,835545167906092
9,93163760505214	5,40870745881448
9,61374475228096	6,05828634795969
3,56324240048712	1,0134097720902
3,6285971293692	0,939580682886696
5,10974456296256	0,154139168466194
9,88666243785636	5,47469544195066
8,9964312113122	8,2370215156065
3,34661425838886	1,18318880825181
9,94545267058185	5,87762520245209
3,2289547799553	0,425004401227005
5,73127009078779	4,53059974510404
10,3194691772468	4,95539978373153
8,75791348490343	7,94446846879094
6,78883965133918	8,50508778869518
6,77822207359712	5,18911316341672
10,1199001383341	6,36661629378251
6,85434417968944	5,1162330138836
10,2085040364476	6,47446624272066
9,93763173835649	5,73997952651363
6,7513450572104	4,32753096085865
7,67125447440979	4,50757563861417
6,33644854201014	4,34125961576021
5,89886258624871	4,02170718794604
9,96582716492117	5,88640715329588
3,1391369887137	3,09310624849211
2,58998419350282	1,76731737096409
6,34306008411446	4,74529221791862
10,1903283063557	6,18316838892816
9,05134251379357	6,82629644932905
6,22830554498601	5,05696121246512
2,95309456152897	0,841893671168836
2,78339653689049	2,86553496722108
10,2365426038633	5,96757177534415
6,61309404211271	2,82197987992733
2,76327864320138	0,93741100766632
9,8523329683244	5,76259926718905
6,43196659042063	5,11930412898709
6,28074668106853	4,4182263812001
9,1910352518688	5,76209123637548
8,9949845863909	6,82220433497086
6,89292037279279	4,44411360768302
5,26373179946515	4,82849023380426
2,42666475994903	1,34082861928414
7,24956898657516	3,53606717758263
6,38788318827669	4,24617769068703
6,78491757609137	4,23594905006701
10,9798485505407	4,57392002348608
7,53651245516553	3,87838005822233
9,8044486509242	7,33329805480249
6,86009492392221	2,67976436882274
6,51160525869881	2,9196812730288
6,75405120832649	4,46577514732027
10,8171109475969	5,1184877026287
9,15344495452811	5,91966576852339
6,70733216198155	4,33848114982016
3,48537440720188	0,411205478248783
3,73150169919344	1,72687930191457
2,44426401534447	3,51593856133708
9,3809968694326	7,98488514342914
2,95159647045578	1,61974952169705
2,42835210767092	1,46257296964128
3,43767801455949	0,0561321651709751
6,63966187591753	4,2929801951177
3,52026046295222	0,954935468286128
3,07478570071257	0,58215604480063
6,22370286010559	3,86938743746919
2,93759011676178	1,30903363136073
5,82562962444945	-1,36856548893117
6,82810942179657	-0,978033532580739
2,24536122088536	4,02557199588383
3,36805242313383	1,38553967726974
10,6406461785254	6,09954189363111
9,48861268304821	5,37168649841314
6,20861987307056	3,57413481487878
7,63936221200733	3,95849566350834
5,94094637267585	4,29689600368232
2,53008349214693	2,95172930644364
10,478066160232	6,37854997948428
10,9503830955882	4,03661333537617
9,72331688535468	4,35453143930676
3,16691055174763	2,51203747660808
6,71343657663454	5,6187505009584
5,67400670561444	4,32114831571013
5,90555866321684	4,44404677912783
6,48221118046291	4,81019695888934
10,4298358157501	5,45221947375615
2,52706182963737	5,60548726720458
3,73841121205565	-0,00371622473345024
2,96113976039879	3,21422718591936
7,03140017599321	2,82392033908762
9,79503707280868	6,02087788035589
9,72636235546376	4,31200536716101
10,8749540937578	5,51079712569354
9,37186778282431	7,1925870511031
2,88413389910193	1,79871070716946
6,87354268876357	4,44658639586399
3,54408656564273	0,938442534456222
3,2233270454449	1,02478415615753
3,08153475060099	0,898643593737008
9,79832417271584	5,75136445647701
3,52817174452902	0,650536305852216
3,29520541538476	0,749132265639114
3,5001748738445	0,956804996173916
4,55659826086539	-0,494278957842402
3,86940905911948	1,42409201685375
7,04200487305052	-1,20560801631593
9,37869879708362	5,68728119501012
3,20054272441086	0,793398863072704
6,75781024066961	3,937607380786
9,73417275252771	4,04709989256439
2,22110294203138	2,38371379986503
6,85716367166271	5,2967647210943
10,8462967553116	4,01337030064989
7,16683108498889	-1,28668266366521
3,94147168644893	1,1994688212238
6,66795939277782	4,33684548580884
7,43670620319716	3,97763821989383
9,81633046982451	6,18241007612092
2,422565426866	4,88362068039795
9,43499896021573	6,33883811299333
3,40687470949647	0,82897199002356
3,46879110197882	0,541654844454075
5,90624421878706	4,91719384126245
7,51400333182034	3,77616571079295
6,26901857637555	4,20747555847592
6,45953461556958	3,96644398384498
6,84153045517106	4,50906973334897
6,90121654512602	4,19428695718644
5,8867722428055	4,8839830724893
9,88166080236267	7,17042312915546
9,89979889116498	5,61858356749152
5,6744327736336	-0,0839658758291646
6,07755887244079	3,5330125878175
10,0542929290159	5,71504523042114
9,91810484270436	5,86728680459096
4,69686488066466	0,0162560375668106
4,0815372477288	1,14664450460404
7,46714799374057	-1,04257827796214
7,40901349203996	7,84306628727527
2,88728313029595	2,23561097571574
5,54706180609856	4,80897624918679
9,87451405046706	0,0441820975286764
9,93405459901	2,65912977840849
3,56050668670648	0,899662427450317
9,99610970496931	6,43670660228744
7,61454443541393	3,54024661702194
10,0682624367076	2,80875074917039
10,1485329685686	1,68347419505145
6,01237402791216	5,91317728871564
2,81539727540498	3,7729493617224
3,81364462988436	0,57438005225192
10,1527929770872	5,69942216010853
10,4356496943296	6,29474625268698
5,40973827461154	-0,0936785519077628
3,31659088579779	1,06558723674159
2,871474522546	0,989400451398455
7,24525079855587	8,3530835042971
5,82551269896955	4,09425687829237
6,63225335147797	5,65630248976319
7,1925529937525	4,30459210395048
6,07588761825312	4,46633286892085
6,82662479754949	4,48061289055592
2,36688919896873	5,85870686446086
5,89533075510888	3,27507665686042
4,36473203131772	0,510095716488173
6,56681215389832	3,5998517912415
6,43798755797039	4,24023579024587
6,97566386696473	4,25583395359273
6,64903627702114	4,35177784227972
5,76857309561581	-0,443613920462409
6,70430774293866	4,35065244405113
3,74269867192239	0,757444969217946
10,3524007811917	5,12210523139826
4,04373398616711	1,0002238750805
6,30000561514455	3,97883035001538
2,27494090656715	3,78394819643586
5,95707125237398	4,29584916639428
9,44870129595286	5,49029142874488
10,416494878866	4,82076641694994
3,43944327280335	0,504241279099465
4,33806486782001	0,513972387313377
3,68177822733784	0,711425949110735
6,33544267975379	4,79458575122178
3,91497025825789	1,02476872890613
6,59873664224553	3,93330868156315
5,89720044815218	-1,5205413858772
9,901630986664	2,75724645323829
10,7238815421253	1,03255219347501
10,3095253890933	6,39271731752569
5,76115908336209	-0,82272806193592
5,66992315688664	5,85247014239589
9,24816526037333	5,76688410676881
8,99117304963088	6,67082814986308
9,86826846675859	1,99037392052733
9,80820779783278	5,85018251866683
6,71168952987593	4,00480140754442
6,87279889020107	4,42615323695392
10,5592609768709	6,06774606612671
11,2313972542613	3,5168639160617
10,7550793115168	3,99154933677765
7,49325540410566	8,60895392319406
5,93446634273553	3,49062630077108
5,94901532179154	3,99650769002015
3,20200766683388	1,91981033061324
7,44154580177858	4,66054311578925
4,32958630010261	-0,0781822288088483
2,26674433082075	4,97591656165784
4,94033961938678	-0,33066306417936
2,57949213759609	2,4187944505893
9,86512504415281	5,01076782983381
4,9349170305786	-0,0363969226856862
10,0859174272065	5,36068999929681
3,61090333878223	0,186894637953779
6,28320682472099	4,32686249770178
8,67103829342006	7,02309920722412
6,05947624755989	4,05374216596146
10,828363195993	3,32369526844288
6,1248427756625	4,96372184514021
2,51748218427868	2,10670709889884
9,4059482733465	6,72321508454578
3,71930351109507	0,945750955787033
6,68195384962396	-0,894776872196934
9,77393876969451	6,59984228572988
2,8253292593417	1,324163858393
6,0270233200337	4,27619651161938
10,0234469287856	5,71492892984885
6,38780111144622	-1,780333921822
6,82521687850324	5,05712476289702
2,29561595697075	3,9883443224424
6,23200008989393	6,3927573146701
6,8819606769029	5,76825672942931
6,12745552309461	3,46089496328818
6,46438898540699	4,37399199589421
6,15173356854247	-1,58206659094603
3,3806318346025	1,80253535816935
3,94060958192634	-0,107227558691131
10,1335647570158	6,25219746652023
2,62907939122378	3,11133637847349
3,3560341865726	0,773992354777958
6,83737330106344	4,19212970964067
10,7547524375728	1,21940144831675
6,47140374042219	3,96736688976236
5,57960479090976	-0,387803867947036
10,3572949505705	6,20548137496643
8,06874061516789	7,8366005232989
6,27455280325138	4,68651682919203
6,12371736526227	5,39131645983125
5,25871096975495	-1,28154713622925
3,89408149004388	0,9589748504317
9,69432542144643	5,76512061879307
3,71627704936166	0,968142578804162
3,10650974705899	0,309891279856528
9,53137804694662	6,3075695706046
3,95778810641147	0,51512721031051
3,98806740800697	0,989995805523897
9,78287284647457	7,0776234536603
6,80990789166535	4,31763964780607
6,34011179187881	4,18779285046578
9,8773285311666	5,88392000144546
6,60073618287205	4,18006667607789
6,57471024270415	3,71698662685859
2,55204335116035	2,76675668865205
2,66046686962984	2,63963189827128
10,5283792578225	3,16288011056532
6,32279870897727	5,04478043835449
10,5459010140459	4,37235763360226
6,99953807229391	3,75108841660308
3,39369236864862	1,02609664207955
5,99819262101133	3,72758961483418
2,54245314969683	1,43940068500415
6,56319947643163	3,38277626017178
9,94315180025769	5,84261369786389
9,06494649356485	7,87265712942668
9,69753477941212	0,147012479508601
9,83692288161896	5,67950641490554
2,38584345853287	2,72728722091171
8,96221942284143	7,04412157120587
6,06831526812146	2,90405801708851
9,94261288046453	5,29940018745858
3,66681484336484	0,86161907425639
10,1826696777687	6,31250694137384
3,65237725867643	-0,172348100795289
11,1054845176338	4,36933889222802
2,89501325575999	1,86945327117817
7,02907266257413	5,01735133843121
10,2225438516907	5,92311099050985
5,26946620168499	5,01911635516799
9,40923040345015	6,06830937091314
6,55347479595435	5,06781507195265
4,68236973488991	-0,7842156390836
3,79366230586209	1,0111123656467
3,51897474219136	0,925642825937553
3,0682261675001	1,25531907756257
4,66488625982853	-0,667989787046067
10,168069825714	2,79611005697628
10,3745705619224	5,03074705886179
6,9877578601968	3,83124410143532
3,51328164065403	0,95996498406974
2,73985790767862	1,17411746779868
4,71377811200619	-0,421852771452764
9,94209425642037	5,67095753121998
6,02930963631677	-1,36999177687487
10,0912076718139	6,11000161436007
6,7009816658671	4,33098805827163
6,731430508115	3,55366494909857
6,98909494224297	4,3692199979173
3,25675261188111	0,938009111887039
6,32296490527619	3,70312283545402
7,13545229574275	4,36780683923485
7,00081643969595	4,08262953743368
2,77639922039409	3,71373712214216
10,3464164233006	5,24599703103068
6,86197876534912	9,22410274944083
1,99065316553252	4,29698578592129
4,92117631042039	-0,937957765470046
9,41651325771398	5,45245034687928
9,79636911680994	5,13833859395224
10,1133756285484	5,87434540110411
3,50972534637545	0,855956164694052
7,09143131253356	5,26001089937837
6,62582788426514	4,31462508932653
6,66111050513434	2,9096050662674
6,96562043818446	3,68440468237544
10,2887100629354	5,71420635985836
2,79375110536842	1,9245486763725
3,58478526029589	0,901647664389168
2,60971191355525	2,75021995776898
6,64825078315438	4,33254503725744
6,69742050211384	4,31450591977277
7,02328080433496	3,55312467016412
4,37897858025991	0,756865137465326
6,05919868634908	4,392810766529
10,1530070194959	3,82864416786984
10,5214550973939	0,327902489714651
6,81930571959733	4,48044580957267
6,6965770336531	4,30971377577201
5,85560167580385	4,04376823555302
4,58298703832831	0,783924286543251
2,96723221647958	0,753844951309044
4,45497160356587	0,921650023562664
6,38551195013382	4,85337134320768
6,79219311285532	5,15673048707728
9,33354682799422	6,25500513607736
6,70066945847197	4,31533452284232
7,02879749808666	4,67444616505581
10,0851455413874	2,50713846089248
6,8333374905818	4,15879013804497
6,32982535999323	4,28995323025057
7,2078291319725	4,86395555058951
3,02546124480157	1,35454589720381
3,52819914967928	0,965341842767491
10,1182135975915	4,474205398084
6,69709839820079	4,26472500945772
5,90476395203338	5,33192533628561
10,7113527889943	5,77340478099883
9,95205564963806	5,85016852596321
10,0589492830871	6,31133416389341
6,52449749465542	4,19163646989727
5,49169236466842	4,5893214593586
9,75437855612915	6,81729390387264
9,93526650724305	5,92722955610589
9,88098117607225	5,46704826331905
10,4490472272319	-0,0679991693620607
3,73929613201382	1,04900911405653
3,74251511496412	1,06932466279934
10,250184310443	5,79581830675623
9,66923837150047	6,50735332973873
2,90959544161429	1,67034793709336
10,0145246971961	6,01853719446455
3,50012440378497	1,93807804046571
9,04122980474971	8,1510923859499
10,1452291788067	2,837694191807
3,7700828360446	0,436627177480203
10,4628667481216	5,81531640230363
6,72236877193221	5,73326643377393
6,80043171685219	5,54472366024789
7,30702528142272	3,91518454602964
3,44779363610867	1,04764876797836
11,2321646464892	2,89490124189179
6,33540205709772	2,90893377602052
6,32203338794741	5,01731151176796
3,89480304461261	0,371429327479595
2,96351854823406	2,42746673731142
2,95076833720471	0,617014501750581
3,24010403616039	3,02189012607157
7,19037908009865	3,99317598290409
10,0819063596545	5,94337945596134
9,85223257954631	2,47114031047467
3,52425138130781	2,56725445400253
7,78160261267112	2,9776482563135
9,80275578606959	5,72486828994668
6,42270465695067	4,47797043696989
3,64160991518385	1,85297557837527
10,0974137596026	3,82891202053706
10,4181548515854	0,886669655478588
10,3537920761172	6,67054981822471
10,1944364175022	6,09099758044657
3,59730926312143	2,08559789463467
4,34318397057935	1,0430606427581
5,3252184807937	0,103842731567341
2,51241026290031	3,99530164116502
3,30014423870434	1,12761651468292
10,0228352145821	2,96410233564354
6,80435700836603	3,18652858307878
3,18685094514283	1,03350457180786
9,38519016130108	5,73727307721234
9,79575113547367	5,45700128247623
4,17574303560967	0,555058390246251
2,09599191118991	4,5405730738755
5,87314232746163	8,93482357715422
9,68354744102703	7,3877516074362
6,69532633813745	3,56538726108158
10,012220268657	6,9635078572786
9,40359023253537	6,19528419019978
3,21657477064998	1,51738669269703
3,45810582013169	1,18217005409756
6,71627901664558	4,33167188532367
2,21089462750847	5,38587073696763
5,07308425409787	-1,03872572838116
4,80464963918877	0,482413575535688
7,456767540357	4,10894200929146
9,79940170484121	6,43326729410437
10,0430192467557	5,75168735969838
9,47873231283888	6,60579166444933
5,91091909339862	3,8804535269699
5,44403487410079	5,60190039923034
6,99243660526841	4,58234874919154
5,90200613092175	4,62272842899901
3,20313090259512	1,09083667112006
10,112852478324	4,08434900601928
2,99622376218272	0,456886089362777
6,45357173818496	5,40821385214346
10,3728592522731	0,350619960902631
10,2623772973152	6,82966546664491
6,21251440507149	4,36421826403183
8,23111742705	8,8529375786073
3,66510579473687	0,903744534395694
3,19998846539109	0,972568883555005
2,3887520947236	5,82210615541963
5,92919504038741	6,11656565902471
6,60128976644297	3,29892477285481
9,44459340855307	6,25930214096381
3,6818662761136	1,36981851453685
10,0220500768851	6,03261588646744
10,3731277393172	2,95398815896288
9,85496244390667	5,8020523860676
3,4858214592896	1,60186817839285
6,86935542553186	4,78340133251133
6,99770311247967	-1,27332188168203
6,45830742845199	4,37501799781459
2,89113340297113	0,887663809891655
6,73523244258964	4,44477091068678
7,6550940002248	4,47773970875797
2,52481148570807	4,66387061242253
3,21505710945855	5,16079157692186
6,21986960091052	5,42009392934729
6,62162051982006	4,45611392027328
3,42721595939061	1,05323261035701
9,616143662629	5,57173680908193
3,43384626775081	0,839739910305208
5,52526749982905	5,84879784979822
9,34175472125667	6,39077656838991
9,70205550228548	5,11659346276667
7,95929331534611	7,46093468624639
4,53047152993635	0,251906344461551
6,61980906525122	4,01975780545241
3,62384713570422	2,16353680296896
10,4455869243688	5,77438837803721
9,86076750913018	3,26841589489826
7,29149535325582	8,38239490558735
3,45910267644675	1,10485683020316
10,4303616308701	4,23630249381103
10,0503948633305	5,96237157096055
3,49639036671701	0,951906468027003
7,89930649975643	7,62957368472988
10,1880953831354	6,25472354985865
2,67308751366462	1,30075048132848
10,1585220534777	5,61456323798125
6,1142354609594	4,89219754584134
3,49475193257447	-0,0690319660375705
3,41637021240646	0,953073304981977
5,72835759861911	9,58977673251493
10,2230094705123	5,99384192831973
3,41523309745757	1,21636572571875
3,3427722660929	3,14406109797724
6,74989867073899	3,04458697001466
3,40752703815867	1,41941650643488
3,45366886546032	0,962736136028709
6,66705833749992	4,30379681706727
6,83764276355075	4,30039840305434
3,16744868752345	5,24570388954146
9,06749588748119	6,09451195542237
3,60627018895972	0,595484234048418
9,91378640793689	5,85090604071431
5,36061219181922	-0,830479428159117
6,37015907619341	4,62372632641932
6,1841677069049	4,03719812240941
6,05331925051354	5,41509234288187
5,37764789849021	4,83819409884533
4,69898813499262	0,455949207916725
6,15875113241689	5,74815722891726
9,74943466768741	4,35002321915191
6,68137229362854	4,28579027076654
6,46689999547597	3,48994788866951
6,73458276672274	4,26305363967714
9,66962753684619	4,40771849856819
10,6404091630401	6,09303219986296
10,1903066392919	4,50588666144195
9,79324342057595	4,88003512300454
10,5272604845019	5,91850553930349
5,84829855306806	-1,33522507214152
5,08243334240163	-0,184662589671849
3,67322692509716	1,73387928812015
9,59850229443779	1,14217449643515
10,4275066797101	6,08765342451504
9,98406949381554	5,81372474431449
3,79355122812183	1,74500931679081
3,0504853291015	0,49598293311399
9,81245710345546	1,15937713184529
9,87510865644478	6,66879664975733
3,25380031148737	0,393335045325926
5,84978042568753	5,03017004773722
5,67041902736177	4,37322644312322
10,0982222323023	5,83483211679194
8,64170748171685	7,49691818550969
2,34891298337642	4,82871075672188
3,02459931258325	2,78888263159362
9,46007256997324	6,08073199326215
3,29311118385723	1,52119559935595
6,86907637219357	3,79573310691657
6,79674011583397	-0,976383679737782
7,27886334568293	4,18796241376701
10,3877141028999	4,8966834473546
10,0769439011944	4,89870370535978
6,79759691549191	3,97445313245212
6,9134563840004	3,35264816851469
5,63881138646495	5,03543166431831
3,45447446501682	0,960296222772205
3,3012371743243	4,48685042165565
5,85007318061367	4,2736433547652
10,8075772541517	4,70437319341837
11,0034365950743	4,83214479220656
6,13652288233064	4,39073994059613
5,72791170731231	9,53062219414061
6,72455178458904	3,94454737270013
10,1871223174649	1,85697409139089
5,61829838318641	5,23674424801691
7,17469881262994	2,46132452148141
10,0278584007273	4,83490053307163
6,89127511095829	3,85755812105584
3,42947138756424	1,00532122815683
6,59363128364624	4,81634848665046
6,92627685201461	3,08019724451301
7,27719622882704	4,19847205151609
6,73840652130803	4,10166691895964
9,18741577685369	6,57707761293998
4,1801424658307	0,239769343847127
4,0787795629329	0,322792328177697
9,59809462074032	5,9889953727448
9,96697726949837	5,74152951976395
9,56846852105962	7,17402360953489
10,3002017376162	6,18723037221872
3,12051364009425	0,441218215482052
9,73166892476103	6,24461145311819
4,66025222530229	-0,874235009864436
3,50305255574027	0,877133074079822
4,02642572484667	0,382320229665338
6,1200376670388	4,66485502062878
5,80370319660853	4,06025594365185
5,32132766863459	4,68643873809507
10,1263813565213	3,0082674373977
6,08839291315549	4,61328389533961
9,41012670859329	5,80481564130554
3,56166358356196	0,749047175201707
7,83359584232527	8,6823855990545
10,0357091461647	5,05239727190047
1,8461742911341	3,96809967596404
7,05527795501567	3,91755705040029
3,49759270498983	0,959771574105717
2,31388639221786	1,83821376275739
4,17142218776403	0,921822984323015
3,52167285647247	0,8021894017567
10,7361118158428	0,608138525942351
3,54357247679815	0,466342863368588
6,26495260321344	2,85968446112285
3,62246556503962	1,63156489287705
10,1218376062364	6,12411110852847
7,10242196288127	4,79790379047271
10,4720657564961	4,62503339101921
6,67590384829454	4,27816284811949
3,09140720803677	0,408741132823257
6,81456626225469	-0,768095379656948
10,2134980594316	5,78000352089393
3,01141842693569	1,09917304085108
7,39745555687017	3,57941401884704
2,8517294086277	0,752994118672492
6,93265399099785	5,33728052646034
7,19407262269764	2,51151407586544
7,37999266980282	8,45854671509186
8,48791923262798	8,45390196497426
6,59335978855337	3,65680414606044
3,41475001918796	1,27829521734352
2,53343608327551	3,18946254251477
9,47665094504505	6,40296248615178
5,68165953826048	4,92275473363084
2,94133837519448	4,62651758301631
10,3013603374375	1,19453118659777
2,39943708246371	1,46159916311567
5,98961358551174	-1,54630254025561
3,09419198552059	1,01379039678233
8,64390297434465	6,70214074392821
10,0886898992127	2,34425071821233
9,69324587278213	6,24909800411383
6,57850786698563	4,14705141859253
5,91580713450729	4,39800068015063
2,60043750245611	1,3187999501031
9,83491073556177	5,94904287726994
7,24591931243647	2,96792964220915
2,77337111408418	2,07459539684331
7,1012888460493	3,00950516217938
3,11376466126234	5,5255836037477
3,47565601799554	1,01700960944279
7,42628217339248	4,81198801682936
4,09770385260328	1,02945793942485
10,121493462374	5,97407652207101
9,28053979084888	6,22808992274325
6,20752136951488	3,90550791530228
6,35799929079017	4,06426952335528
9,87411843129424	1,63001420192033
7,76456897640496	3,06377936042541
9,61731128431363	6,30788227814892
7,36832778338389	-0,70955412316775
6,82764056017974	4,3686790606881
9,66665307437274	6,83188206306777
6,35800935148131	4,29196903601442
6,77575541536916	2,57843065318315
6,44019057162323	3,81533337848236
3,17920215405335	2,416547859209
2,74677209074043	2,7134567439507
9,65048850980042	5,03325841463952
3,93849110676346	-0,258170183095264
10,2203986911265	5,03774555931461
3,79936153255351	1,58217392949108
7,22013595427794	8,19241705866338
3,86729449070252	0,912216397971267
9,65031226590275	6,13759474140463
2,59555464392943	2,75231501070177
3,33554231627326	1,01490051444629
9,31594413191498	6,79433103526564
10,8543067659781	4,18637421678243
6,28448511256549	8,79430832103203
9,61804223256224	6,26174918298505
3,57297558764017	1,04389794096772
10,2448154901775	1,74725409847254
3,00208497855598	2,85135823496554
4,48184842526247	-0,718344834658026
10,5112151868695	5,0218894365
9,68171140483967	6,09981257122954
9,54511276450565	5,99637556699996
5,61665416785684	4,79652884451389
5,83624615273002	3,75572825345705
9,79263296258712	5,49935055263729
3,46642887959228	0,845368758059497
8,78731942254422	6,95805306342479
3,32995418329398	1,71077519973302
5,44508629245235	-0,950181573660461
10,3718954887752	1,08185683077557
6,72045658575355	4,37229565274858
3,80258386326026	1,67985338749425
9,52904481324985	6,72767004834796
3,40533115227737	5,5376213154126
11,0820280718164	3,98231234883184
9,94305701939163	3,10001250610926
3,36618027383739	0,959822450158748
10,4408074760552	3,53706862651278
5,00332689769663	-0,959949595788894
7,69840831071642	8,56776817178368
5,71698146404925	4,42997600228341
9,80812679832718	5,83017517711934
2,27256922031816	5,48422848227543
8,32062247083947	8,73895613870862
7,37711608106808	3,26791025824837
4,08743034659139	0,742381116658224
10,8757597210449	4,104225853474
10,559683641356	2,76620498036299
5,53955675620024	5,74150437622084
6,54776991802959	5,047646097043
6,49000766544028	4,2883157863029
3,33983159817562	1,31290768736693
9,70162648180166	-3,32537706131902
5,82861200126478	9,06228009440739
3,38244807102682	3,15170661872224
3,02141278180859	3,19126026303
10,6267303764611	2,3030542127868
9,93234212012524	5,79703247118596
9,75698316824524	6,12834949034049
2,86115322387108	0,677147398930996
10,4913369400015	6,06699409200496
3,92469114331892	-0,378284361854916
9,53385240269217	6,21348868673924
6,00351574167626	3,28950551962248
9,65326835733195	4,6760504342041
5,15506126486195	5,27149489913795
3,82623046314262	0,826779364838381
6,22050117310444	4,28374977883313
10,0822080116058	6,33276461599969
10,1920290557859	3,7539553569027
7,32032236067287	3,12663245715562
2,01842953193569	4,88976404416676
4,0994095365706	1,19220284878228
3,16781668208	1,89230674393495
2,54529739597335	2,03911417461512
9,00446508035462	8,14411405647484
5,95155673418259	5,4133021449722
6,50461620901282	4,59499153821227
3,58832267048153	-0,0877854993740337
3,41505042702252	1,30170370589598
7,05088371246063	4,55007649459988
9,69593060273126	7,00693287866796
8,69946977705996	6,62205836180544
10,3665027685901	5,83899313693646
9,68808537723398	4,97653161873295
9,51577608440821	0,358349195229552
6,46699457486422	4,63859804617528
6,57151672410735	4,75468990234625
10,5676305522331	1,53567253331012
7,30451876362736	3,60044266637117
3,60347957939207	1,11714051385854
7,38225299167246	3,92485043943673
5,56354787380743	4,53676250882434
7,00905233553815	9,37610336242021
3,30260385119914	5,11493939381517
10,2728636241755	5,30306876988986
3,81671846036574	-0,448825735029627
7,19735968345043	3,13943448996115
3,23293328898761	1,90998205557422
11,0250831236024	2,552955731059
6,60843277422432	3,75254383056368
7,8188217048289	8,9367713257613
5,53485993387213	8,91724459725011
6,83048152572338	3,56703974569017
6,01534528720479	4,10401873043788
6,22354055443199	4,46951336628612
10,0713880892232	5,34748440192472
3,43697235921427	0,870693510939136
7,00588509825104	4,59027289749796
5,94931897873464	6,62734831488442
8,74892270695932	6,45509929637423
6,98885580571835	5,54476791744286
3,47278072326934	0,722075139720493
9,26498811512173	7,27126276241706
7,34091474684604	2,96057289093625
6,63800142362661	4,35178802734413
10,5338451870191	4,58002042219418
6,83884792936785	4,18174973488545
10,063693440968	5,70465155603393
10,5670482209154	3,38815850771748
7,10603558375253	2,30496332843087
6,32342436532665	4,28800339229936
10,7585676369674	4,2496456020488
10,1664156429164	6,20628351467708
9,84804103128798	6,02158560969269
6,46803417970114	5,133920020976
10,3294235162358	5,7557098602508
3,50740479051138	0,945557944405266
5,24257016205965	-0,344184555157175
2,79349399038281	2,69214588594946
6,56019438988242	4,55273447177385
5,84192842479307	-0,172132225435186
6,60976728771115	4,06029486690119
5,99301913771838	4,26116964459883
3,11998025168363	0,548360884231453
9,90122236371599	5,87278016705607
6,73981658500075	4,08571480676152
2,7481960899251	1,2223667405545
10,5913247173318	4,66521091738389
10,715447766528	5,36676706613186
2,75830185111659	1,48571558176194
5,01091630955996	0,290227903115477
6,24030593910621	4,15898813071057
10,8057215514879	2,20826327087665
10,9299427814593	2,85182582330344
9,9926874190888	5,78498445111009
5,89908123818781	4,66905693293815
10,098070693825	5,93929286200491
5,86035528783697	3,88163033742539
6,42690980867533	2,73971737347307
3,95945414420912	1,43133364204386
9,61793129245553	4,63965257210106
7,37679146355447	-1,60632807430024
4,92373931183564	-0,443015747890984
9,90998994574511	5,77872108249187
9,83369305860427	5,90261329629685
3,11018750300797	3,28773987795205
7,22602688213064	2,68394904216281
4,42102194201385	0,279855733101817
5,90928547820963	4,99694348869226
6,9672823884136	2,39177011128312
5,20157917315076	0,120577881486237
9,89599188819111	5,88473142818841
2,62360265120786	2,53056273916937
8,29124463062626	8,39485012789606
6,69336718077305	3,30565707678246
6,81392794695132	4,34965775640674
9,98191830096436	2,14919207801825
6,52284671245588	3,9185200120944
3,53399330573795	0,786415621890666
6,1083062317775	3,60651311878432
9,31032204981577	7,29059119209132
2,1990441726715	2,96371995023051
6,5640833542251	3,02015366487264
9,81350903025552	5,41698346831486
7,78193038897824	9,22213015390596
6,74545371824356	4,27374096026174
4,42266642504201	-0,336092832567042
3,56362038616621	0,892805557208778
9,8218383340087	5,89451859218028
6,49695724588244	8,8767100962961
5,89818317362936	3,49509058382906
7,4171719304897	4,9674253432749
9,93089488952012	5,80664865638328
9,91409518097914	4,91604343449382
7,05315215635513	4,60859051944005
7,95254162358879	7,55942114863456
9,58044689056191	5,08253919283312
6,633608632852	6,18937954030907
2,73465498462063	0,899538587475472
9,51557494363313	7,68345417120373
2,49877663813569	1,84611311519354
4,16476549328363	0,746336957946698
6,71109321034811	4,84341392005474
7,34683897283698	3,8957124852552
9,83909261607202	6,18975137836621
7,12499207872059	5,55525947503123
2,88983455758568	2,33182397882519
6,89227643089246	9,66178197571569
3,0602711310161	0,319120563579598
9,92639446936994	1,00403792123221
5,88908023549445	3,94375051940991
5,96712689141125	4,42962859814535
3,53794094628446	1,01772126589517
2,75606250773452	2,68825612016888
1,90493997457564	4,43124669119837
3,78296504596771	1,12355086330107
6,32205827172496	5,89013751615878
3,35740277597739	0,570384968938928
5,39486796239153	5,45663709802137
3,579807113936	1,10980114971925
6,34461515047675	4,49610037645275
3,20956398604709	1,4689200199277
6,81980671856295	5,5832012150533
6,83786737828406	4,2607830468603
4,86201451443354	0,417285718939752
3,48177239295541	0,516543270820756
9,98504014264426	4,37848141136437
6,56946897317753	3,51601963847855
6,99846386729362	4,33382080437552
9,5122216653684	7,25479450758268
6,31817889026248	9,17338565374912
5,07547132394716	-1,19989711405378
5,69376584382414	5,84385154030968
4,15740047148947	1,13286503003442
4,21988373669269	0,67694488177303
6,30095394929907	3,86253414562149
6,66996169970058	4,41623372170179
2,56301567247491	1,70153588003875
9,63737555287595	7,63826736216493
8,56853506237101	6,80679312614938
3,45477111063354	0,779638291581148
5,83613879931523	9,5727198377563
9,20736500256855	6,0317101807249
10,4992725789734	6,06821040145493
3,46085896090538	0,858457653467529
10,0054360043194	5,97547553771243
9,7379482916962	4,44331195780542
6,07090460268914	4,86596122380837
3,74138340728564	-0,22029298910283
7,11926483248841	4,23260257080598
6,53672362633992	3,90046736622922
6,37043753238147	5,17235723067072
10,2111689333406	5,44642143361873
2,51599360864573	1,99776959739778
9,64233341180452	5,20985875921011
3,14440226501929	3,81530885744568
2,86014927886528	1,99641364476621
10,8536454362165	4,69078961665254
3,55469554707665	0,265267472043665
6,73060269002354	3,58789601927802
3,48085496966695	0,942502258791392
6,11271288593841	5,21621068393163
6,93141697452521	4,59867331586963
5,47361045524309	5,7953027446523
3,18266333822612	2,10087479016331
3,38441980210433	1,10551052990316
3,65633999168119	0,436916083985787
6,99994751032585	4,98171980609488
11,0717239693707	4,77698218690962
3,41325679382786	0,784946088030776
9,00226050350023	6,88217564801467
6,68576159577407	4,08837488994662
2,98808850899697	1,40531953512182
10,2027189534493	3,1950074088105
5,37505299220024	4,72479148211525
3,16262636115298	3,25479332288163
5,57562676466592	4,78379761525115
10,7668188901231	5,82516849553422
8,41978597567058	6,93054863302309
6,88080016493265	4,49676594274433
6,87700688133733	-0,743145344394586
6,10704852124775	2,68052298131524
10,5787048149958	4,83090706882437
10,6506922078415	2,66390849110278
10,8596802470886	4,69831227286806
4,3364030990035	-0,242933840845457
7,36695659774205	5,03869653099001
9,80459847079096	5,91095877072355
3,56624314911626	0,465327042508822
3,38161808055132	1,0495206174245
5,43123223628385	-0,606001767548809
5,6033910118356	4,67164712984958
7,62158510725422	3,8200609458147
6,85937371201332	4,27770586060461
9,89255735769597	2,89669591740092
7,5247077775294	4,13251863756786
6,32192306909169	2,84526453846411
3,16149723361951	3,48080365793485
5,22726162271369	4,97573303548841
6,69817983956921	4,31863517686239
6,66642904888991	4,12836917451058
3,25936963676962	1,26200320029663
2,84605823990366	0,725751270709954
9,82448319503777	4,23226835552383
5,38919989965318	4,64476060079981
9,93571079703771	5,89287000767597
5,1032416417486	-0,167733482371729
5,41799327154813	-0,751699438775118
6,90977544449423	4,39312482115341
7,04741364849001	4,34908890885021
9,11481090783463	6,49069326173748
10,1078901041421	1,82234352965369
9,9261382854651	5,84099034086241
6,67428912417839	4,31832650995447
7,3460870318295	4,60195636512868
6,17532213174554	8,60878897867607
9,91672423245722	1,42907791865653
9,85848086376059	6,18502876326341
10,8961137731268	2,43405787864625
3,33287981567019	0,917825342888956
2,94279720288589	0,838831903696435
6,75473076423351	4,8056609933081
2,64272197754139	4,86529777768065
6,70361079189761	4,33710534490089
9,48260659760322	6,36120263515728
3,06582264617831	1,4640727608483
9,52115843301722	6,08157500852666
10,371481725822	0,58664482007085
6,6619074318355	5,33930754692836
4,05334113227339	-0,573046449640493
3,18487191886945	0,714179851259389
5,86638046408203	3,72679729188142
6,58477356541825	5,13555475965222
9,41473389232799	6,6309423174142
10,0777015672266	5,70927865153184
6,36697943022148	-0,277427810946203
6,78831396559551	3,41235700891267
5,95845740112289	3,96287730083983
2,87423838850962	3,32896190585583
10,2972589970837	2,60980859644811
5,36425204300419	4,95776825890013
10,2623460619149	5,70302518275112
6,58791516870711	4,2314044408286
8,65247047277541	8,47585370152368
9,83555492886442	6,28403311627899
7,2747288570109	4,33232603778429
3,75066657509597	0,333280575138393
3,06560018055095	1,02876867799211
2,24276029956632	4,86617066199955
3,29326664239586	2,64421596186414
5,72601280719535	4,58034269896734
3,50157564263195	0,967145110943287
10,9861215739644	3,33947885284625
3,38568060516413	1,48498411237648
4,41374533554404	-0,244141999666664
8,4645294030776	8,60279848130901
3,51840926789868	0,970334510611319
7,03060013570258	5,69221810705296
6,80524040918336	3,3170001641015
4,05091936519234	0,745403875609339
3,25791388894329	0,212790418757761
6,48906480778653	8,7114936533445
8,31675464644976	8,52083565999601
3,35543531093507	0,203582595436882
9,9063844872138	1,95356357949083
9,01919762978587	7,39754970635356
5,8047885168321	6,33444396540547
2,13360790592962	5,29839156033951
10,1137953825436	5,01615842896268
6,76149223062638	4,44862501734233
9,87538939339226	5,6658489911501
4,37969268480121	-0,533567997588128
6,09460258491869	-1,19865900852624
3,33056263995535	2,50463366782809
9,94655061519752	5,75354875622444
7,54731485494296	4,76643675481517
3,29941584979136	0,478073647976975
10,4110749720953	5,87855844297057
11,0621540318034	2,62431156523546
6,32587158544286	3,67146122200125
9,87282176192425	5,92002862866464
8,74017111122826	7,54201116874203
3,83958099718757	0,0451514215027191
8,84595962319859	6,32074101864654
3,60245689777489	1,49823815637151
2,03002491116435	2,94932569020886
6,81809761389202	3,71842314198394
6,73853562866215	3,83810467318662
9,98352408474758	5,62659763331499
9,07658282809948	7,46020546343065
10,6444569350209	4,7771914395209
9,94548936205841	5,88766157184667
9,9467088232461	5,86612859293455
6,50742516543779	4,7209070328061
2,90169625409337	0,651130496169589
10,648605040343	0,24724379958674
10,0981771568281	1,59480443914828
7,24721636429842	4,03878949146359
6,44657141695799	3,63037910139297
10,1614805928039	5,22236054954254
9,86933843564536	4,02440969989438
4,13784211606291	1,05461240154122
4,51716454230585	0,255939669221332
7,59515037657328	4,50055635212991
3,42421928813157	0,985770322284336
10,1676178400279	4,27515934707974
4,6329511138178	-1,04849893499471
9,916008903587	6,02841220417551
3,62939689084288	0,963533957090372
10,3231789201756	3,21704430895769
7,10590808462435	4,76991572472817
6,98508720850977	-1,30396485520716
7,65184607764499	2,21704706792523
11,0193042005522	2,82121013584878
7,48342767560525	2,36860511167768
6,66343075172979	4,11225747965022
3,800427902852	1,81161395125328
4,84260531434429	0,344739758792328
6,654686321588	3,99542369648448
9,53575200455502	5,88418657777199
6,83945784729502	5,69978853782101
2,99430905969445	0,4351935548153
3,58776167842697	-0,103454921993752
2,44395759646365	1,9655916540451
7,02915342202653	4,40814445696105
9,53696585310609	5,11383168463067
3,80895260778733	-0,405177147767733
7,41898181562585	4,37874674560725
10,3438848575088	5,5791881059609
10,0233813874787	5,89892139684039
3,60667403131062	1,42234029141708
6,85741083251735	4,81524624352145
6,41214610119452	3,9911880024801
6,68986469914516	4,25114526700372
9,6519571907626	5,37895793829694
5,92235605706879	4,02794874000485
3,38000427756036	0,0682919971546288
3,32038170628194	8,7896182084315
10,3549833744271	5,35372064272319
3,7660072284877	1,35537762081929
8,87798670369412	7,18994976188955
5,37400052019523	5,56169948640715
3,73481897372603	0,979730471986173
4,42257505467802	-0,280431474198402
10,0131249980489	5,83252992081327
2,70825938938632	3,68084834949341
9,94447262835296	6,91270901422461
5,7654322257495	4,03782348345472
7,23090486236252	4,47737172900049
8,47594661822723	7,79938873620007
9,52321103077349	5,96481250951536
6,48086850207661	5,74700085378026
6,52118514901268	4,72900337178717
3,482684189023	1,51965058042454
10,2626981414354	6,01150863447788
7,21478049266958	4,88000627010451
4,16686882056288	-0,455887899883751
5,65531335364912	5,26918312764184
9,9657186391443	5,91106529643215
3,60654115137304	0,696912283395769
9,37804931424899	0,91599710097695
11,1670120784097	3,89593037008493
6,19226722658926	3,17059284445875
3,44869176477493	0,75048340950814
3,43675724207481	1,87394077738683
10,4657587694695	6,13512920175878
6,3042498220209	4,0185637300055
6,77032107394229	3,08005176775103
9,64953959108252	7,51128214870652
6,70992804963416	4,28594531007362
3,01395682018717	1,59600801857287
3,4117636741746	0,805953302909031
7,29055062803725	-1,47473927873954
5,69851381535735	9,2702830944406
5,38730980689616	5,33572466415577
4,24447015941088	0,505977616919915
2,62926063359565	1,3510678116287
10,0583643488486	4,70065308389018
10,5200486131986	4,48087525992265
8,68970007141669	6,68369543690764
6,74349854186824	3,77419257329411
3,33893582341583	0,187423766920268
4,93340779755832	0,265134914726045
9,55416266585483	5,13801773188031
10,1331523930374	4,76271195766928
10,9400600692509	1,65013048901455
2,98526998618594	1,29382440507859
7,32124602419186	4,71950007157164
3,58292681932345	0,944590700968097
3,54178862669233	0,953722957803974
6,15441827585031	5,42909773387859
10,6524008571877	3,99346662155686
9,11937934338004	6,39341618353321
8,71134517392452	7,8457532151388
3,93959265245003	1,02708292119753
3,72701600261175	1,11743308011698
5,98502461648873	6,5228394383978
3,76215867026112	1,85472538113014
10,3121997034762	5,6219883121589
2,59475552198255	1,40501440141789
6,47919840731285	5,44557660052207
10,5914387378671	5,55621295187219
5,51237471713582	-1,3414695833209
6,69221686562835	4,34184767767485
3,13799579506704	1,52929575225084
10,3660837014257	5,67571425528116
3,68052557159789	0,0482665119304617
6,34262704789135	4,23761250318256
3,88412027972975	1,29901858077461
6,86629833141635	4,09048450645232
3,38794238233819	0,703383948072992
3,3123005259611	0,69579007492384
5,97503762962504	4,10511548730688
6,49316616903814	4,26369209292593
9,84573928300294	6,41706738986562
9,32114208026075	6,80936804125027
6,01038580195487	6,31682088539065
3,58566871641367	0,196538326452752
3,28230672848004	1,71644032611306
7,59756683894678	4,26013059585579
6,33685699767391	2,72593785112775
9,76622769238631	7,08767782791548
6,65284469121314	-0,837760802317518
6,44004329658582	2,874304622265
6,03760969512672	4,01935916627117
3,60805950958096	1,30012703880564
6,20831544683974	6,21316723858758
5,76287158754958	5,22224443311221
6,60158302204789	4,26760652029701
7,30565994047863	3,56344345091422
9,71003313271562	4,27238216155945
6,65325263501157	5,08827889986327
2,90407899645769	2,38550619300685
2,9322871823966	4,31644010828977
3,74392989899055	1,47527032714426
4,05864624147469	0,155350638066503
10,1665536518497	5,73134950013578
7,39293000312543	4,1428534547591
5,32144047024994	-0,108267601185506
10,0773186553242	4,61833711642968
9,69608243359655	5,83933603876898
7,3791800980866	2,76254803995268
6,46823331239312	2,55088223670496
8,0726781155854	9,017758628129
10,4559463032928	5,44716460300387
9,7883497079648	6,90128446787623
1,89786692447121	3,02279490042831
3,3190076006069	2,52930605323761
6,45010791387659	3,3316252383974
10,0230867374866	6,02430656696121
3,62899518893931	-0,135136705587712
10,4422610192408	6,5440793188271
6,76165580000509	4,13169969674863
3,06248232562573	1,11106356422137
6,97880210550733	3,77245380734919
7,43655232628988	7,95854055861962
3,84385832624899	-0,527523008049711
3,51300523415614	1,90091614417801
9,51067867193848	6,79001353405452
10,8261981860352	1,01266097327485
5,77657042203326	4,09365874260367
10,7601153246792	3,72375229411993
5,5446798704534	-0,582353089965383
2,33596292440695	4,88179382533961
3,19616142642812	1,14860676423964
6,55918317072352	3,87444155366859
9,39868115219245	5,81913441619515
7,01043379071734	3,9988793545605
2,2306548128819	5,23641859540383
4,03464061077208	0,11342784537626
6,34589390989367	2,99838500648297
6,18895664310329	4,04637575819645
6,99213897105971	4,37337909981275
7,42772608185814	3,60982875040309
5,71819281538735	4,22134731231255
7,41939356951028	4,57357915472904
9,52945154235024	6,76581573758701
3,34705617610479	1,39439841320664
8,94354572373941	6,78264447899035
3,61398515573458	1,89625417402518
6,87676523651306	5,08865115748151
5,35986841326541	4,65600126743673
5,15128486257859	-0,188795801190762
9,66269985186478	6,00274060287478
6,66277263832622	4,26458262885592
6,17506091093173	3,740947088593
4,24458257068471	0,752268211310851
9,49527434121168	6,57840038381471
4,1042685176045	-0,65249303315433
3,74895508643227	1,90886765969712
10,5409611543331	5,83288800036532
2,6635846894518	5,05633214750177
7,77293028967142	3,6405082499661
3,66756800457817	0,788426425713447
10,630167387868	4,48918647671037
3,63687658603118	1,46301331675277
6,79473083825756	8,25136473604096
10,5331843873205	5,51570104915338
3,95323197113049	0,083514472033542
2,87583010750891	1,24115680072941
10,2617007919232	6,12950625816781
10,751716436849	5,02759267841753
10,127734286728	5,60504697410989
6,61041469337989	4,40531315627515
9,92148234700235	6,84455318958139
9,81545128454531	6,71218100125313
4,09352878751054	0,822035429011951
7,62482238410684	2,31976765970147
10,6859748541966	5,07300284528694
3,48644411035609	0,979928236718885
10,3289597927987	6,14422568528694
7,13844814516085	3,35629076044371
3,54436049490805	0,360609298686211
10,300296423268	0,461880348618895
3,18355644376055	0,836703356301114
7,40373418439588	8,3127760325175
5,50400934323149	4,51224539417668
7,45939674327656	9,24184524852114
5,27602503213317	5,2361660916002
2,42015230574596	2,18164751774049
3,24320691125324	0,326545369772671
6,56358365736661	4,88560130469317
3,31032453231234	1,04676423418191
2,69079299767145	2,98572946780932
10,1600285167095	5,48586550811015
8,50642951466037	8,54261021299766
9,85106053051892	5,86984853706677
7,44187782365625	4,04400280642725
7,70683640797405	3,9644290120053
3,57924990552531	0,771231417474921
6,06930811448325	5,26976455904702
4,24483884930885	-0,496833260947191
3,42071533807398	2,27740142779916
4,15150384175553	0,531216667729231
2,27945368590718	3,63516210271484
3,97033102279398	0,29372613808723
5,64765231093336	5,4880411673557
3,3279443467309	1,30244298417188
8,53851423810401	6,71856146452327
7,76794806811621	2,58106008011093
7,16715616797342	-0,953099950201716
7,55146423522733	2,6233783093137
5,9977723482508	4,60965450069885
7,76863218529491	2,90135143035288
7,30446433876746	4,97647256109548
6,15654106558485	8,86481717772706
6,50935897168364	5,41970416861569
5,40043576021425	5,42303071919121
10,5733176943137	5,47959082964046
9,79948316436651	5,15098979584187
9,96158442986699	5,48210895301986
3,96169378618235	0,392961670929405
6,99168027601149	3,29812496918642
2,83688998546322	3,82894065276216
3,53715784228576	0,866015638776356
3,51008008023519	0,104422605879141
3,52373759560245	1,16284869858552
9,7032520444837	5,88201750988866
9,52019788973261	5,4569199246369
6,61435812903499	4,01034422440429
5,55750348236659	5,98947400627684
7,75413240055038	3,88595408736646
11,1607898362677	3,25316163153912
6,59706485939891	5,36408421637885
6,68550388305794	4,36026139846802
6,79857460028112	3,81255686445065
3,46037667632808	0,919191446871257
10,0867432318077	4,48780869002842
6,86404987926409	3,34854335852554
6,57607998793806	-1,48383141059714
5,9276719175435	3,74375272720225
5,24452539636968	0,158884397643931
6,68401181531873	3,93749729674138
7,59760069403262	4,22649909160416
6,50970828610591	5,71732352011013
4,8583803925478	-0,5810855572901
6,18463470309136	6,13068628714525
9,18584209542836	6,23046949508295
3,38210883550842	0,139104967162805
3,45552131030033	1,06758902655806
6,75491589227872	4,16534137724921
7,16404305082375	-1,86178005032478
7,42187326946128	4,54615213695349
3,92616874645334	0,36973711095268
3,21731481595482	0,923314249931976
9,84288046143631	5,8724354087118
10,3728141651686	5,6955911966785
9,51193820416593	5,59620269137024
6,72546735587557	4,48479025422366
6,6095257007148	6,1577517723103
3,12352218163862	2,2162118249734
9,7493605900931	6,08185528258493
9,87553466407417	0,929928898190358
8,84936409880775	6,74422615955481
4,47480758876276	0,190025109085427
3,45620591964819	1,99094024167397
5,98868353109024	4,55741446231413
7,07741850577086	5,17918317198149
9,49125015696304	5,85897133037887
6,13718596472296	4,51687390141912
6,08070478658322	-0,675794227829494
6,25636705029585	4,75065475992011
9,90395711171452	5,35144729431441
9,94546073393833	6,19168020506767
3,62606608110346	0,600996605506614
6,56647129250904	3,66334865124592
5,24999999927173	-0,41713805901216
6,73314172877983	4,34329991872277
3,41607417848952	0,0976018202410114
4,76903148524931	-0,00636636477274721
3,57532581320285	0,517417839287035
4,70494064070819	0,519492364447565
10,0949088858864	5,23023980093913
6,06143166335988	3,15260639754926
6,72416228617202	4,25931671070097
2,79292506406362	2,16560215383161
6,70894587142758	4,75847651546902
7,59237192946813	3,92203166369983
9,92827274694971	6,0107743281373
6,85607517921037	5,60530557542863
10,0202264059699	5,86958530394226
3,95885320878142	1,36961206269497
9,54594637428844	5,81180122635759
10,3717939074765	5,27860769222863
6,20823639230618	6,24451053201905
7,61329697157234	4,29860274290616
9,96112080175373	4,18700443920424
6,58906203306224	4,89327327604753
6,50838127308737	9,16454653303109
5,63743503642906	5,42148786541192
2,25644265505692	4,35531331487651
10,6165967501456	5,68745734491766
7,11736069061982	3,89661873148714
10,9770974721056	5,11952270530953
8,26584434149078	7,2425117884015
6,59012975405974	4,46072523752858
6,39070639461819	5,69942928649486
2,49234738006217	1,4887043232077
3,55715375131766	2,25709200128844
9,94635071793394	5,86200447981444
11,0851554252462	2,6775315525434
9,99388960940267	3,37097390608757
3,22127694808432	1,11512562157567
5,95442344280721	4,66154130566597
6,97172145392133	4,03029092380999
9,9004687972044	5,80103398275864
3,67762241880434	0,235269319779339
2,50978640756046	2,39555182507969
6,57292207945584	3,74399617166431
9,57778124026954	6,28487341184342
3,48786112868254	0,394340214233874
7,06588763055528	4,54067295775036
3,29672607694499	1,0466094571468
3,47565847616234	0,834432860075588
9,62191119079911	6,55848841807691
6,23887275266719	4,24555194099302
10,3587206502552	4,53519403224092
5,62349294704475	4,64806542326203
7,63517407002575	-0,783812274212616
7,00750349302037	-0,546210976589106
10,1558061226855	1,68810336225441
4,41229818907966	-0,0933962218159463
4,22770036071995	0,196971678635052
6,68432907757981	4,03587220398725
10,0045477114926	5,7990941558338
3,14106182847606	0,655051669790048
3,47970871125074	0,769329546097434
3,51871898121041	1,52796197771797
3,49739757883325	0,954932789606072
9,06290483279744	8,053797790917
7,05662099339558	-1,62481656752647
9,21712020791135	5,83388130766754
3,15097016337937	3,09251138621404
9,81244529418734	5,99230895503448
10,4783000018875	5,91462071391111
6,25182854300858	5,21732245531293
7,27584115120215	-0,88269458629349
5,64525917763135	6,08078763805905
3,75083171998269	0,537486162793457
2,76787244917612	4,87974652232717
7,26350178343027	3,56569529580907
2,59659660084424	2,67191119917408
3,69519794744326	0,494029680098605
10,4471077361219	5,54943879126874
9,95101304682346	5,92266793824423
10,0556255616366	4,70383226940313
10,3036722783107	5,92006191381609
6,86634467846613	4,44446781060246
3,86576744191709	0,960921067915864
4,4749163109897	0,0624081040004474
9,32679590976396	6,60786001410201
5,59109138817235	4,87187716717283
6,62572465523269	4,46394608203116
6,76155138909406	4,25888069774176
10,5014010305459	10,0928483091179
2,33879343464341	2,37112500249775
7,7575949115959	7,72274074704141
10,1762339410272	0,5962002537213
10,0445178702646	5,43342281028475
3,20138106886411	3,60486094416989
7,43075593186871	2,73791019451599
10,1115539737008	5,44352550550918
10,030499196122	5,53097665521622
2,34701924677244	1,94984566318548
5,92683629652129	4,19049364326565
3,23552245674662	1,15515034284277
10,9059082877888	4,76796203982716
2,76315071991412	0,798370041478653
3,26796965803171	1,07741127377865
6,78315989709253	3,72834672282794
6,53541769221002	-0,638356021511653
3,51086976646549	0,793523678437463
6,43018290609488	4,61739997730442
6,73363697648581	4,71491217081673
3,85641018883557	1,05838282136762
5,73862229078288	4,87045142275447
2,82092656206095	3,648177295162
6,04449074002598	3,87651645162265
2,37413102180832	3,52875513069593
9,68018942069734	5,53479328023324
6,02218504267271	3,02308885031523
7,10833617807616	4,29619828016007
5,91429598898815	4,14634043713455
4,98193448596068	0,424527552824186
7,204424145225	3,43079750551368
7,2685417444761	4,51282226083283
9,22757222008082	7,05228705304639
6,67177609636851	-0,526605765590214
5,32488596366199	4,7011021491321
3,22035945222884	0,833820371807819
7,61287272365178	7,72609689602831
6,26613253588458	3,15598063259415
6,70191825933084	4,33959419881495
10,3721610435988	6,22249126253964
10,405493897559	3,71734670037058
6,80033589356314	-1,43234531538084
10,7061595075637	3,16958382149183
5,77226847136203	5,01193106024733
6,64762696054002	4,96371339918213
7,12623887076761	3,69998831570475
7,63838454640842	8,90810178499478
11,0576670707999	3,0957850473425
8,73733917266483	6,88385546440475
7,54645695579691	3,10665444363839
7,13405733727995	4,64903658759262
3,94444833791034	-0,360009679465716
3,60870856892792	1,4516515187094
9,95921319117681	5,85023670031995
3,1083027415617	0,846564961553054
6,68703745487474	4,33135543204604
6,20360010240371	5,50158775085845
10,2932634155922	5,66472383031715
9,42796846740562	5,34023693169645
7,83081000727816	7,68078848377748
3,25176368218506	2,33367319513794
7,25354230145056	4,38470093863537
6,71125313332004	4,55258091756061
7,05992264599383	3,1860180517177
3,5620287103837	1,01216208649236
3,54645521109194	0,978402228345735
9,67375189624009	6,94883674525552
6,6769454751663	4,50582508728978
6,92193317065682	4,97322356954997
2,37477616833443	2,32014547127273
3,69838213826809	0,274467498396124
10,1499917381644	6,13719139522759
10,3213638176001	3,10378876799865
9,95261022442309	7,29857607798072
6,41938851887719	3,11363831987111
3,73695353490319	0,0366883863260412
10,7148042899079	3,25397126053219
10,6091269297498	5,00438451213497
6,91707805362127	4,32496988685528
3,30664360383563	1,52431581091727
7,27566600594975	9,11948979383224
3,48806996065707	0,892536459630794
6,6262790562575	4,28529514920985
3,93618028667033	0,714047174253952
10,1459730935241	4,14458299896272
5,65236123144749	-0,251111138041853
2,41900968126588	1,40695313760853
2,92180474448398	1,04378746129089
6,57943553788783	4,58252521886165
5,3324259074038	5,44512106260863
10,1711148848324	2,3296847971493
6,14709987037167	4,39173380995389
3,64279293393345	0,993407830724449
9,80699050721713	5,90998308127691
6,54853747849692	4,7731069614819
9,20064739944729	5,88514402904499
9,93700330206966	5,87256707004783
6,2479244858	3,36036261638653
6,47376351964985	2,62838536839792
4,1609732390717	-0,626788213585793
3,20324393853244	1,1833865449502
10,0682614531683	5,85737043429459
6,08692343989485	2,89594003765695
2,31424386739409	1,67994967316812
3,09117074745716	1,16782432130106
9,58352714760755	5,05008946607764
5,66663650055473	4,19228238401899
10,8792900849103	4,25781265455183
3,305626951762	0,542024641936432
9,91371466364891	5,76319571162739
6,48634611182431	3,82748068145979
9,93676565303662	5,87346872545749
3,61348504796049	0,835148775550828
10,7258703554646	5,08640137364519
7,32637128225459	5,30939796093306
6,70047818099823	4,32180333465062
6,55978494967946	9,03902531980607
3,53485240531595	1,15304545609524
6,90210616871311	2,37140127513308
9,94494379600914	5,8918106826922
6,17945385162097	4,05733590995148
10,1968851353256	5,82673621125963
9,625391225983	6,31344034777352
3,23295864060275	0,985359637880872
10,013217748072	5,39670684372064
6,67155228203434	4,63568797171177
9,45395038357079	5,28109067280106
3,06328861811529	3,93556586539833
7,31266058413602	3,63148096750024
7,72227726684609	3,83468896304052
10,5234092281948	3,612208346897
7,43385624601922	3,59509334064379
3,46226696313733	1,04623168684173
2,98243136347809	0,727434856476679
10,8836631123149	4,63150987405503
6,98044070592879	4,5579527122983
4,66034235003788	-0,959439814035212
6,52097334930833	-0,790561778957366
3,72825462605822	1,14174403469209
10,3614854992864	5,78979058157566
3,88777770608235	0,927037905864059
5,77854834798626	-1,069333730549
3,11512385476901	0,451378965769911
6,54913663972492	4,11633258596031
6,35982214523489	3,91863967152162
10,7965869017677	1,16293666462209
3,44159186272473	2,65390090385293
4,65249878850703	-0,237944824340376
10,0047867294603	5,97702324310161
7,41111806665312	-0,491544812641707
6,23272430441076	6,27605153984335
2,79777393434062	1,2242034154901
9,16540397227494	7,02383291605369
5,9932497678741	3,03741652953924
9,40765219340534	5,92803079299962
6,31995194089044	4,7635904975408
2,9453132299319	0,736055378311662
3,77770493808655	0,805152259643596
3,1586445776152	0,673364291069023
6,19445750338501	-0,548910081653006
3,3941808345002	0,768196983071195
6,72261363733146	4,54597030293168
6,27672511173388	2,60520828977729
4,09537362660602	1,06203828444116
6,67244072237208	4,31010568453709
2,42234663286433	1,74879896052584
9,90632310948479	5,77186308735987
8,19967356228882	7,93931759176614
7,32144881243372	3,081696576632
7,02229654468164	-0,452425204403261
3,42895684233124	1,12140231061804
2,4764474685134	1,36907924205121
3,29051437571175	2,40980626620715
6,75011915529769	5,47273001920818
4,07875985008173	1,16926986372941
3,4887341042839	0,957742775583584
7,03491961207123	-0,523563266172841
5,67763900245824	4,1791747423857
5,92748090260234	6,57561908221513
6,56514845997805	4,54927394218617
10,3265367705027	3,10651746159732
8,99881252087136	7,37841674589843
7,02055370495349	2,9092715597067
3,72768817809426	1,55378742959239
3,69148863697096	1,05071667339927
10,8264642714999	5,44419113998748
9,39118644937419	5,80968963633617
6,30068758986372	3,57810511661341
9,72059512534708	5,85628340255822
6,3327948095649	4,21525869885908
6,37246819290195	4,1165751091163
5,59613434356762	9,41346741672173
3,16968758133009	3,41600883448054
6,88118126648891	4,10042205146683
8,45487907121865	7,70887876046184
10,0929876282018	5,76214593874944
2,14528092275235	5,01885901187023
6,37707794861573	2,94007981082663
3,24509017593723	1,21248880023438
10,9599037412384	2,24065146629166
4,33091446234297	0,714497195025741
7,12098928678502	4,53007127512746
2,55323603525406	1,72512856141008
6,81737389985023	4,7228251546857
6,53657773469179	4,19516016627987
4,81919989065489	-1,04088098050026
9,42040205716848	5,63972189709695
6,93204987607335	9,73389046662909
3,09364282384575	1,13398330899517
6,02951915801743	3,86562187620281
3,16074206858686	3,46461670203308
7,21536870255576	3,1561341921924
6,11680538262491	3,49147528420008
10,1087772312201	3,00177322025378
7,08172267371526	4,53522998110115
5,81726138480573	5,4738494186929
3,93015811258167	0,947194484617191
2,82325506473043	4,17677936825768
7,06103607994543	4,38995818585033
5,28595493584429	4,90689015455502
9,52712235166995	5,51960463090028
2,81312898823377	0,989062606617142
3,38875077097905	1,25341067726034
6,70415249731661	4,2663285211894
10,3737085114861	4,92342193352769
3,54913208145857	1,1612346199316
6,78819617233078	4,56681258682399
10,50535589788	4,68039645568568
6,21889033621792	6,24190688359257
6,1161381540453	4,72928570561207
5,93241558752771	3,43919238796669
9,92609949823065	5,31951073480315
6,41318116494212	4,65144906612293
4,17746295982997	0,6974052629495
10,0817570066634	4,53000565549509
5,97563025816668	4,01529036485084
4,04082721477617	0,837657471807441
10,4198853542784	4,74672662442094
10,5088949265993	1,28728653891003
6,60285999571717	4,03287383623312
3,21368281831086	0,597106257295137
7,52846501375646	4,14689966498254
3,34421729861364	1,29800857793109
3,33609066111268	1,65940292444039
5,89127829787161	4,88583323234828
10,4612010492277	5,59925578324585
6,25414839894964	3,98334043974733
9,46061507588322	5,99263036892748
3,80230002832728	0,539315467171173
6,18948521861578	3,24528656302327
6,26291331999995	3,5708766218325
6,89915800501631	4,55411889761433
9,61011343086586	4,72735044715993
9,84843441132331	5,43888412274742
9,49053029705251	5,01764365327565
3,11566304743211	1,63253481662538
6,69712016357777	4,31823479010726
9,9193067649805	5,98851546608853
6,57126040734613	4,34074657711416
6,7430548400885	9,02892113323349
3,35310780304255	1,07936445604281
9,38389084199109	6,15901080098646
7,15225137305356	2,56711376312864
10,0618846030667	5,60553464155701
9,13867791592448	7,81951610561091
4,51719383731999	0,751826609438044
3,60439219020285	0,533854122012516
9,69724382323565	5,21356092971748
9,32929011615977	5,68608597945345
4,0662128480036	0,909814903768624
4,4814004641758	0,528336669977223
6,78058981080203	5,14338274618071
2,06036546140532	3,02059881033674
7,76945349506077	7,677359229201
9,62285535958155	4,94777984256836
5,45595790322271	5,13197572425139
8,29123360888347	8,25085108328745
7,67755755548391	9,27879759528583
3,43898022678334	0,868466132830306
5,74919882572118	4,17618376836944
3,37330209878562	2,20283844350525
3,51393187889717	-0,0137950766596718
5,86738477911804	-0,508597126837014
6,10316699778202	3,96885752769228
10,5593833667489	5,8950691827103
6,07908797559693	3,77027238600587
10,0761647665037	4,44200186800793
6,46737613441565	9,03768125952174
9,9554305707058	5,7582573786642
7,17972053322825	4,25146297195277
6,86496777466775	3,01589380036117
3,69193492817468	0,900399756284526
10,6246832599894	5,34308645360075
6,61001120741491	4,30697789542904
3,30956339995138	1,77070967824024
3,31090867287305	3,93192186850392
3,131654820119	0,821344537665396
3,67388886431746	1,12838586941031
6,67549394801807	3,58274935887762
6,27382740277754	3,84504460525432
10,3310429877042	5,29203362532049
9,63819329388029	7,20918290854635
9,3641932313419	5,97485612444978
3,38622839434814	1,92022821636134
9,38976246070985	7,06017107632206
6,57435443314434	4,30184537980479
7,42044617914126	-0,476181644935502
7,58335209067218	2,29102049680009
2,74252046014826	0,80768704387722
3,0620381920881	2,32753787957975
9,3009444138006	5,80065064259756
6,83975526658003	4,65652809805015
6,72329602445642	3,8429511425847
3,64626924951526	1,1567807709197
10,0143719645437	6,25536875917745
6,74590192594666	8,37879802837305
6,53425535555726	4,26612236277564
6,52997342005044	4,36101592788265
5,68157193275302	5,30864225507201
10,2054067041639	2,89597040924657
6,95206301860936	3,87017218778028
3,55917627075138	0,883477621223973
11,1440990159525	4,53256563882708
4,74532079064744	-0,0759776418409011
9,70567162934907	5,09133774612291
9,57794902624421	7,28461934007694
6,09204785817746	3,13263776817146
3,44941339615832	0,975696985825696
7,37167541433434	2,81239317859744
7,49287255805036	4,77919360601666
6,43425487280868	-0,542266852750292
10,1829320043042	0,94654694528607
7,63399770783201	3,3201600797271
6,18192562443217	4,08960371660007
10,3089599261391	0,0311968289230977
10,3032275789066	5,03445205363241
9,94227122308728	4,8393467463338
2,88952255791299	2,44292410769185
10,9564954947546	3,84981987941464
3,43486820298689	0,887589189908925
3,46518231135084	5,12530970621664
9,89062923782393	5,94327214463347
10,8024736484612	4,87476529798999
4,2214961495732	0,675642524834411
2,66129834313219	4,52828474227227
6,72990083109089	4,71038685012162
9,74751989501231	6,03118516433147
10,0964766311305	-0,0033559234594156
11,1725176402937	2,42931968771533
9,61031365849355	5,66792452021369
9,30031652735929	5,92706841184233
7,01729238757525	4,78534959932381
4,11468682268688	-0,132410030517365
7,34057937479607	3,96876204294088
6,65416511920078	4,33312887780545
5,76911540608191	4,26571926109241
10,3145666115449	3,24421274458512
6,23128993804568	4,23096850776633
10,2291767660445	0,803695270618001
9,91421404293905	6,26856939247099
6,77414533486688	4,2011024008533
9,15230098733288	6,5010761060103
6,17514412232821	5,93098831501938
3,79234551884581	-0,0563458440530659
6,582573868982	4,02182650443593
6,63658414948128	4,22322053432375
3,50111149799445	0,989962473680705
7,44664443955951	4,5981571204986
7,36664585956959	9,34863426886991
9,33973524408859	7,55701483055796
9,97206274101907	5,8890158347947
3,4870496660225	2,41098645931106
9,89841838818676	5,78261748288852
3,24117964619348	1,08048006786154
9,86828644382619	6,36013579916448
6,02657889918884	-0,335163402104465
10,0193976554561	5,86847928341878
6,73314885412985	-0,845854253713925
5,54932095064145	-1,50894198246947
6,68054800104325	2,95376241346736
6,76770420598072	4,76922004073683
10,164221047913	2,25341211927946
6,22472008148222	6,48877991911821
9,07487882247275	6,49585192550059
9,88982446204179	6,38206410756136
2,15545612904379	2,0197270089867
9,97415732039539	5,8654687087531
3,44151966810721	1,04248339227865
6,68993536096183	4,25953509563695
6,68043340027126	3,73044487432623
3,71681081222307	0,843758986063204
6,44523879973414	4,01161578231415
6,33370575808203	3,81491737319702
8,19216123522756	7,20510156957582
9,3191808206836	6,12040187830156
10,2090351419628	5,89452727076904
6,67680843595213	4,21188338779562
6,28805678465957	8,47880292312521
6,86844850045955	4,19513371168542
5,69807055841022	4,3515591824903
9,79104805914639	3,75782674396566
9,77788614136969	5,74751632139386
3,14233477981528	5,51901416859642
3,15404158032789	0,965559370941015
6,45086337497324	4,75470803092678
9,63231137702258	5,33474401101981
6,17973451174888	3,36649938117577
3,61018578400423	2,00681789620783
2,56935314821921	2,8446913596803
9,73715407621219	6,23950616191196
6,69343411801174	5,83146918971125
9,85088646054423	6,4507826736377
6,13367126823442	5,04416939066759
6,60864200352791	4,78869000847835
3,6894543550255	0,952628860842607
10,6177302198397	1,73648762846307
8,12463944337329	7,31991914557732
4,6937189871608	0,255233535127243
3,84861871471143	0,0460120497789324
9,88955412071541	6,26426477018028
8,88500687842465	8,4482919055834
5,7889833991643	6,1782509288148
9,98489868997829	5,8192967678169
10,0943599933754	5,24681183955076
6,04711386094453	4,75052863377334
3,63732908386589	1,75283453239548
3,44321570134881	1,46590958733849
6,87395437525653	4,27843129551258
6,22145779178039	3,74473179792069
6,83559088926449	8,703474964801
7,7070813043237	-0,961026468674578
10,0220864237529	6,30292999181468
2,66441566152387	2,74987472261167
6,38933945029288	4,86418069211827
3,28354362339336	1,42097879900982
5,10516158150454	-0,667914504474852
10,2497150368837	6,02253856297549
5,70590762854515	4,2638370924045
10,0436275066449	6,09337707479001
6,34971685492868	4,47615886219595
6,37375631544527	5,29931091801559
6,93857087869882	3,92486637745598
6,64283360675301	3,11373343898796
6,71452019405994	5,77124398047685
9,13513730712798	6,35534978699362
4,05927705551876	1,4469966271826
6,09254569619612	6,23461417948432
3,93775400379911	0,108166790225486
7,12703544467046	5,36545324995515
5,23497739594221	-0,369128393170577
6,54239420409921	3,54131046100721
4,52005747357396	-0,0770112118187425
9,04154778859231	6,97501663134784
4,65152991346	0,116823731853466
5,2458133302003	-0,446432083204327
9,94049560472831	5,31454024788761
4,59620909394647	-0,454564367338995
9,15244769796739	6,5017185346081
2,95706469188947	1,96113467609749
6,55351670354367	4,82602259382994
10,0942898596381	5,85130374758432
2,66673231538741	1,36399649614473
11,0775409903135	4,62091343223412
4,1157420866366	0,506750414028131
6,01159905879331	4,60972477597341
7,27105675632368	3,97242115914816
7,75529587653429	3,64483437847001
6,20898313664227	4,53176147922349
7,14748615704529	2,9857190980196
6,1031089764835	-0,169664063097886
10,4079500052093	5,23594571743144
3,93727955378776	0,883265289890448
10,7000303780785	0,520548494999995
6,90099298440429	4,20108337865642
9,20154939105957	6,42982889602305
9,55931814827664	7,41534433224317
3,79557247243274	0,545490350334708
6,05017426039812	6,37639582081334
11,270101816236	3,60445481369848
10,6432222282338	3,70200219097913
5,92107754831634	4,41715362190545
6,41928711299204	4,31375701454887
9,93293723422756	5,92845254054338
6,6064024498676	5,05515008036985
9,78050390051542	5,21038422973807
6,05022640492478	2,79348608952629
6,21618997132472	4,37019702940963
7,79915030250839	4,05301970582107
4,09689680779277	0,895360727794842
2,63335865833497	1,9597043916533
5,37634210870395	5,60371273337036
11,027267802813	4,81791449040715
6,35997518929286	4,05289934738203
10,081008646469	5,8267022376763
4,21298534351952	0,400501614695905
9,73676298817528	6,17919542462823
3,16082125892216	1,02434111188256
10,2087245287545	5,35445033243281
6,83306029170848	4,33159449175943
7,34170330455332	5,02011992623417
10,4724540963991	6,45851487377125
6,22649700675498	4,15263086479754
3,68068396246616	1,31376219337705
6,2093155166852	2,78381897411379
10,1493057359534	5,86461165628921
6,19627321460615	3,35166731282941
6,71568916659723	4,29795706775217
4,21450374821322	1,07483959963583
6,27587095224905	4,70163889739098
5,36552383762913	4,63177888386289
2,98217577801039	3,81068364860831
9,97972274591518	6,48157071692216
9,04314662874052	6,09508024968134
9,29913503032122	6,20340004963736
6,38942957533163	3,52003970519726
9,79031205776002	7,54454126170705
6,650820957646	4,36370945212634
3,78970059819095	0,136600413807259
5,82704669408135	-0,328785723810686
5,73429050883716	5,02958441154709
9,82334514692715	5,78970906459634
5,71425181769967	4,11220011015093
3,69013188031163	1,19918952077665
5,55949221226379	-0,972697394798785
3,15690931329096	0,769605447032764
6,08960083121473	4,22937312035902
4,58609319970058	0,434475100892864
4,54086168914758	-0,0986907090314679
6,80232030774849	4,49017802514201
9,71787408871796	6,17399930861686
3,55618531115232	1,22114769966409
10,6013067466136	5,82825369607295
10,695889312898	1,61755215870338
5,75806290096184	-0,139082504650881
3,13883957873087	0,846111292033103
9,38467094856389	5,51507685348566
6,29575525488854	4,17684706007046
7,16884293731355	5,30314094182797
3,99247099075574	0,618427444748005
9,24042976118174	6,78908577395254
9,87065961656269	5,85807676470036
10,0323608939849	0,765432618732838
7,0590457273587	5,23623285462996
4,0591160391092	-0,564370562379523
7,25500765350207	4,40559944447336
10,071984450603	5,69964262925382
5,91541504649511	2,75463363331177
3,72290651101554	0,517050658816048
3,5111548244338	0,0979753000425296
9,8825313957731	3,93051841105782
4,50319235075868	0,458140934469877
9,51649895593899	6,3484929361134
6,97966985367884	2,56945972733662
10,2639890965536	4,90884347691968
5,94288438182807	4,52425687601701
6,57990103479643	5,86314709464321
3,4526021000792	0,825512285469299
3,74922527180576	0,848531522376006
3,48800021031887	0,938936047642417
6,29445025998724	3,57658439446056
10,0989494895867	4,57049905196394
9,79736166024836	5,89648391110745
2,83665152792443	0,745765167475824
5,88872974944125	2,74655601462591
3,17944963928461	0,527647141840884
6,13815663299452	4,86367976010215
7,65146199143916	3,88741269288171
6,97613886201095	4,63145717007505
3,79360731941642	1,06616309683509
9,89295850309397	5,5137521204333
6,72093837293114	4,46654438763917
7,28304023422183	4,0829390307187
10,2390925775325	5,69978625706973
6,06090572525894	3,81606435039337
6,51998113698746	3,54417327983728
10,5087255437229	4,82475262754802
3,91271139647013	-0,535590171479833
6,3804541043749	4,09178054592103
3,40629491232865	0,757232866389859
3,44214132567653	0,961837672746184
10,1199571592504	5,92843490917312
11,2716667972046	2,44518772430177
9,98059128007306	5,85228413117225
8,46366409095076	7,40428470285486
6,26473310771416	6,26149225848881
4,9345751634485	-0,342509042080241
10,0555686966633	5,56379071432184
10,7148105937986	5,8753675276337
2,84673496439604	0,848672101817409
6,49313598106119	3,74300702640943
5,69972972128483	4,50327838020965
4,78014177299726	-0,335435556104739
11,0617578610914	2,09985366843204
6,42706011262097	4,24744286828379
9,79924393941204	1,61307917641204
5,05633621292232	0,363849627504335
3,28401239314006	1,29126500022758
6,15696940683512	5,55115979561159
4,84351271692907	-0,415749512149386
6,82817172113847	4,90875213426422
3,53057931037944	1,44076860676703
9,89931650045203	6,61270683470301
10,2363089825857	5,22350461553966
6,65479152064441	-1,19799168299341
10,3330716656144	5,49958233566037
6,29410159422972	4,25811726583311
3,05872008771021	1,16404797032814
6,04678904018266	4,38285142507895
10,6315598120848	5,20571725738912
4,42135613192727	0,0992426703121159
3,43498770757566	0,164262059366983
5,08107270875105	-0,397399617587499
8,11580591482951	7,20893124458306
3,50831142733808	0,957228649723577
5,74887092481505	8,94861965875481
10,0610086284273	5,85749474104072
6,65710115659258	4,79713518663451
10,2478944963646	4,61701171797139
10,7558795193233	5,04078132166806
6,17108708741631	3,04986000458844
3,2715781793851	3,46911292781872
5,23268002039269	4,98508206193206
6,27727262652727	4,47050465445455
9,90410878382873	2,95699837650308
7,47743595273804	4,24470628830257
9,77033504696771	6,00387403240251
9,95172818106298	5,84121454086448
11,1641219168257	4,29809468826238
9,71487311514495	5,37960171566096
6,44314247682881	4,91605273865389
9,61262980628765	1,54802323589274
7,16178074415272	4,36464309353431
3,62669212604939	1,07887099504132
3,47057273072275	0,853425210977329
3,71183182853286	0,557325423845907
9,66182497731245	5,41628743267583
3,34835287833644	0,395275470540642
3,78151043398709	1,077270325749
3,68102452350243	1,00015840061948
6,99044212980829	4,3685678259913
10,6442405007613	3,65275702316248
2,56704775908319	1,4171629835353
2,7072215046717	5,77723996699209
10,7764363971716	5,38522518812499
7,31834020509117	4,22304899379958
11,1576288034057	4,19819263359724
9,60786863410359	4,98614987435903
2,83641001651975	0,76584459955765
6,00498862331034	2,75226403407128
9,09034166660147	8,00191542565418
9,76283378523312	6,28104011486974
6,53459305571179	4,408561057757
3,13008620315249	3,65340848411743
6,36173934161437	4,73302859199225
3,51670050837396	0,944988626244399
5,85638261072238	5,24266488456421
3,62137351286688	0,913231201200991
4,18528731530652	0,491343573589373
8,52869936590549	8,0092905368867
6,09411451654664	3,70885378273263
3,61974252672076	0,963404387248308
3,93030356908935	0,296098958346467
3,18306648179178	1,24426587625944
3,75909583653619	1,37262502390049
3,91397246732403	0,960996041819865
4,68358350308203	-0,992420405342224
9,36980904131619	6,70073404892082
3,64474626307471	1,20774998995379
10,4112337093549	6,45291047730909
10,5109217711177	6,30954125186322
6,35716484859255	6,11660325535962
3,80363680874595	0,669759087271069
7,03952526081424	4,66430321553612
3,48896543067483	1,16566484573086
2,29615339777704	2,0839080273426
10,9201524354702	3,00810263018223
2,26969698053384	1,70467026906561
6,94033302450916	-1,79318092167488
4,45909834150757	-0,433848429923454
9,62073613013258	6,75986420465211
3,93012386485656	0,523336782628646
10,9086107663555	5,05457339363111
4,56009507118243	-0,253956234256958
9,26194192890348	7,35084509869229
9,02134489095934	7,22501241654862
5,12840033096919	5,11649930518873
5,96863731962991	4,45506247270818
9,87570785873607	0,655857256937638
4,87970105341799	-0,653266830518863
11,1479041103823	4,48484772287135
6,41576811786964	4,17230680866313
3,33786386167407	1,32916006286646
5,34260566143456	5,01692740319141
9,88376723721493	3,18221146414849
9,69268892439773	5,85168221688289
6,47372945782314	8,68224395813838
6,15574196184278	-0,307163320184515
10,2894090319649	6,22100607932013
10,4887681971977	4,80760837503368
3,56131897009759	0,0527557356016363
5,89113110802373	3,59120410096454
10,8680463731763	4,04729363223536
10,7427803706787	5,89658879960622
3,68962182871875	1,16022319727247
10,1155486164431	4,81615483242372
9,8975889664469	6,42649119151846
5,93667623812432	4,80949288180142
6,31064008383045	4,4900455621742
9,87383350203736	4,52603721775276
5,74261288654454	5,02170960808686
9,60646565119364	7,32959565533809
3,40141770599905	1,75379322213983
2,41101660055786	4,04766179504447
10,0757275512545	5,8002519063022
4,12066711382506	0,601742550581435
3,79559281963684	0,841783941290851
9,51950539097796	6,07374487586876
6,70359232941975	4,22288166168936
2,86482129446911	2,08988382139324
9,9161088310817	5,94573587448094
9,33852221173608	7,67887885336512
9,83348082691484	3,21234917582287
8,78421076919539	7,4310362251102
7,44368511344636	2,64349487664071
5,65569450784741	4,84389338660549
5,31554435990803	-0,330155562785631
4,62600439653506	0,539424153626914
6,22446744030991	4,19057023461178
4,98564033725119	-0,955391281954126
3,56685413988561	1,21457832722357
5,64636475445184	4,39073600117934
9,48455114638207	5,67258429498764
3,65422912438108	0,987838703378974
5,8950055240785	4,00428171971259
9,54422470562164	6,34976300607968
6,76973191967816	4,32399383343001
10,656476781484	4,47614883929989
4,11171737613154	1,17763575492927
2,20664304667112	3,20078363891643
7,13846266872291	4,36071670266951
7,25757409394594	-1,73435326576757
6,67287899709659	2,54961072943828
5,40818255534822	4,80166243204731
6,69954315218849	4,32163699240193
4,18914049259168	-0,456298676760746
2,96750651255136	2,67679160595685
9,17800862983244	5,93985781692883
9,74905647562489	5,90622361774919
3,77078973222918	-0,443233682177655
11,1988763603065	2,4513965306919
6,3528531222749	4,99569724198339
7,31476819222956	4,46891455877368
10,1151722676914	4,38319515490823
5,9048254068517	4,26687260246575
6,03970631602482	-1,49389113485043
9,74701609270309	4,615410204007
9,86914021992442	5,94002169027845
5,53511981992874	9,26826563593393
9,71865134747817	4,96690934356993
5,35066306899594	-0,881888191101077
10,6779642993883	5,35891978552414
3,31037377929124	0,836462570058412
7,29687110886481	3,12956601778055
6,57097020432126	3,3146920663905
6,96568198585944	5,29218579872945
3,49291118062954	0,785686164594049
10,3462198382413	5,90320148260522
9,92005807333355	6,0433821727459
7,28205604228115	3,98208281880699
5,56353977706018	10,1313750379938
7,7158874569494	-1,53226530622441
10,2665027209842	3,67553534875988
10,0756798421298	6,27036467578158
2,97747443328234	3,94560817820169
9,38629989995936	6,01791605087127
3,19691716156447	4,94383141648931
3,27579012824283	2,1713779415163
6,78136675894588	4,33501770169384
6,48882300267017	4,34448381866393
11,0337397039429	1,70565357213314
5,42501611148611	5,27946355518447
6,75470015500444	4,60414116179595
3,40617272512156	1,14024874648887
5,65918595834332	-0,0786048834726325
2,86471866196188	1,84912247825452
6,85808444361808	3,63087844112544
3,21374522746756	0,517618508326188
4,24335689236171	0,972771971536338
10,2176824871492	4,42155653914744
6,70928678248256	4,29595304875058
6,30444012034559	4,72323035117737
8,4344630251742	8,36947956873658
9,70439927606967	5,6508519090857
6,29415831161242	4,13610695550193
3,51737371560973	0,860663677129644
6,16764055757564	3,06865042236697
6,85497738374083	4,18024330428592
6,71687763119284	4,71972679740004
3,40875238636563	2,74690031806502
9,38022500607066	5,94878154254528
3,60443436564165	0,939240188358732
7,29958463440006	8,49323637465121
9,84172653874766	5,55769129057106
6,72642301239242	8,99542147249793
9,75482199205794	5,97619562884749
3,78798781210835	1,75300942211903
5,77086640945602	4,31661629847697
9,92869499414722	5,85177448788805
3,74625302674938	-0,121761061622242
3,21840606587603	1,72390801534645
5,30580580122522	4,79179244887895
3,43163555978755	0,909462157918469
6,54272160485282	4,30163037404225
3,49713982718106	1,0280765325125
6,70512212884658	4,28181330183018
9,59163912303233	5,9527227126977
6,18755892835384	4,6744962239279
10,1183047813431	1,38444991529124
2,29370433493865	3,47645278755746
11,0722517349073	3,61668802800083
6,75222411854977	3,26907926477458
2,98166996030147	0,851229703755447
9,37349066780387	5,65196465537189
6,73702792885412	-1,39631623262752
7,5541254678958	8,62710606764073
3,0653583088324	0,283226838649959
9,36723952831385	7,11665639764127
6,24080015167246	6,36111350011915
3,75319782021999	0,46808544389043
9,89354087858177	5,84504435129647
6,16669919847297	4,07675587533346
3,66112698457799	0,87371881233511
3,79484593005913	1,36441983332097
10,0255872287796	4,55484341679312
3,35187525916841	0,881319962367548
5,32681068890699	-0,676261746030071
7,15734434805071	2,96700033906483
9,57269675391929	4,81424185642205
10,8545775731859	5,43491154347829
7,31756126401068	3,2432538635044
3,28614836262376	0,999066907057514
3,53730313556692	0,833610452829239
8,03094552686104	8,50131474642032
7,5011697252684	-1,05915618585266
9,83935047524035	5,51560393335798
9,9274742688521	4,19339272657837
3,15452578964402	1,6512307637544
5,94274942952761	2,90945351007537
3,9049345212907	0,245768081124386
10,0578222622281	5,89963693596142
3,85349629911768	1,61003633753444
6,86401307093209	4,30978366899253
10,1666507628663	5,7991983232808
3,66962944253858	-0,210440767255093
6,0192484518696	4,33559424910896
6,37468758007288	3,78891961477548
6,19074861372768	5,31797811398623
9,70624840087065	6,14879159867248
7,42778860756049	3,59125085042825
11,2267490133876	3,21792816861736
10,149180282565	5,9320351131844
3,64484686141088	1,98998118644633
5,3342739338134	4,92140900924437
3,43172357883807	2,93769853493702
7,79633146784078	3,30349550463241
7,17702364917985	9,05318519433006
3,00002369414253	3,28719215679718
7,70455944214095	3,45807745817573
6,60700323060908	8,97358196425789
6,71443226007118	4,38019476058387
3,47485151266537	0,122167538642487
6,71750742034727	3,5315860239773
10,248755492823	10,0932971002693
3,98946395898165	1,38521606322265
3,93588407445003	0,762735853702126
6,36828172628155	4,95359015738741
3,55158723477423	1,29097786310948
8,99184153562531	6,21338137297819
9,52125806137036	6,311240570322
2,53909868218883	1,78126382546498
6,75822527838904	4,27318159235875
6,39260053338366	3,73247485491311
6,59872561351405	4,15302836519161
3,5070709120241	0,940782461046985
2,68549126264895	1,15717736805766
2,68730809177915	1,14079604073924
6,99931504187256	4,02518790904283
2,74248776070978	0,920698108476642
6,96258477663168	4,10065344000451
10,0854004356552	5,63380935910178
7,56034114917698	3,62839489773864
2,59301007228245	1,50202383868477
7,1200982682082	5,08434464517441
3,51635490876956	0,801132543986407
6,9672722635615	4,56006477561941
10,4431035965223	6,17581641158293
10,2964539755121	6,25499519211102
7,71020561365071	4,27689267242541
9,22206911461869	6,40752729005918
3,46812259699433	1,33250853000335
4,97978159330382	-0,000365291268778378
7,49699231960338	4,05676559996507
7,4301430594919	-0,803760561929904
3,46194759534372	1,03906130961563
5,79069405033183	5,76286060842118
9,11359166475448	6,43716380649764
10,0491566410554	5,96334471455632
6,43192431478941	4,34653548988068
2,73913453874725	1,64718096038475
10,1429779234479	5,24377135020469
2,76981488170182	0,961012271400758
4,25270126505508	0,637844433332123
5,76333196101502	4,2198991180769
3,32960873768233	1,44928131973332
9,70260224628638	6,67932526979965
3,16292825586823	1,59715969020362
10,0765247261673	5,80597782217748
3,0667211852342	1,65550933335695
6,91400449427799	3,88162317342453
6,8709324473294	4,36292466927401
10,4367203519299	4,77407624006514
6,89127733679506	2,48494983814765
9,29418035304305	7,72138923836223
3,75866890210863	1,38746945493164
6,60580601029597	4,80597807892637
6,070177806926	4,78191535559537
3,42808639830286	0,0771148856136604
7,03704064790663	4,59806615532014
2,16328984142303	2,40537303755058
3,67995539889342	-0,207755335332277
4,15164499788686	-0,611172349825542
6,56160489799838	3,90469007259196
6,55376408419666	2,91351889618508
2,66015371338599	2,69499817752635
3,81748110318797	1,69287399855226
9,56542174166048	7,06620808435402
3,12348487529855	1,43878666604707
10,6427839838028	0,868647921922411
4,17135985935206	1,03257217171289
9,53037945070189	5,52013823735442
9,84058871285391	4,59671363861368
3,86286216944538	1,71912931161874
7,53224059925441	2,27432761970964
5,01407646952556	-0,573070012363275
6,91158174887501	5,25168273336481
3,47571682370169	0,89270175171752
5,59121970921518	-0,0105297898749539
6,48250213078199	3,65730838750107
6,59751639943993	3,57660286693741
9,40509921311192	7,69017121280052
2,17941533331989	3,94285906410121
4,61030521394587	-0,762770791346416
8,82679973800336	7,6772266298496
9,60975860827288	6,36960607223125
9,77770947224609	5,48891840881255
4,37231562111331	-0,236419485377926
10,1630512915774	5,3026092479063
9,43444586918901	5,83254436382347
3,53711420823742	1,02463840844855
6,14004599082075	9,4023488862156
2,66791161462008	1,86978023877023
10,0690022374601	4,7540358267991
2,86793557626636	2,69994391546047
4,66170218363161	0,336562771667416
7,01145174433614	4,86280037153364
2,72432916434624	1,18205450326734
5,92141285814728	-0,417865514487186
9,51073266504508	7,40368104428209
6,45272626122276	3,85213686475954
6,51485653693957	3,77227856816981
6,8806510798357	4,38509323681056
10,0795363826096	6,2933099035774
7,42650690121407	4,15785091980432
6,21133259110538	3,86775634271525
3,06733306131941	1,83430023376501
6,17624225405334	4,42753818292416
10,5004866166859	6,22565709097435
3,79128239564441	0,848131397501713
10,2859593146372	6,80249579510412
10,2421810470107	6,15921574743628
10,4758014346006	3,93901121309546
6,08582900995165	4,50030920693188
2,34503466967601	3,05259425581976
10,1149412717075	4,72739101617115
2,56474413148626	1,99934751560605
5,76386189498486	3,99546632648123
6,36204141818477	4,84591061089442
5,97179878420851	4,77041882651326
6,35709703407458	3,80593072890739
7,07317831947152	4,5269866130033
3,0143637684244	1,86122974561537
10,530076390588	5,95530888506185
9,34912977093481	7,84586071829868
6,263271608669	4,0099630052823
7,07744100176581	3,83123740537447
9,80091472075067	6,02967744453742
6,639947534342	4,34588970348284
9,29225834509971	6,25139781943905
10,3714432071033	5,33133352041758
3,95488170209811	1,31637589897578
2,76083619313632	0,932025330072923
9,81805938736801	6,50083553920626
9,96227230139434	5,49295948486063
10,664024905714	6,05009693689096
9,27988527229268	6,35190699792191
6,74818336774868	4,68121911867588
3,51668541477488	0,992694271020405
9,30246099695463	7,5063738413321
9,98751008550235	5,87024309248225
10,0387973989584	6,76587778698491
4,11807430099996	0,875246357265776
9,96909629395519	5,56223045947469
9,07742268947432	6,41008095767805
7,2822404959763	-0,766516610254795
6,84956941536237	2,65922235442049
3,78650247116142	0,508424625184084
2,56282040647302	2,31906427278525
10,2895436705454	4,62549822868867
9,71262272188539	6,1605193722799
6,22335832509041	3,8042849030964
3,26517073477618	0,649059476550705
7,08415707802009	4,31932083832873
4,66778451979294	-0,855541333175787
6,35486036344289	4,20334747159655
8,84024493248714	6,53701530020686
6,49065232413262	2,84323376662209
10,4066682817818	5,20862837985565
6,18321496794692	-1,45948800373173
7,46725351646159	4,17340866764544
9,90199795654217	5,50408215072253
3,99604294252216	0,791602327451458
7,5842525264191	8,55167876610904
9,64767503553619	5,75558468022526
6,51140378296073	9,62388041278081
2,54912701309319	3,45426289373334
4,33178911415384	0,913182483329838
7,02355482611581	3,68102269130677
6,20279494280108	5,95325330388608
5,26194718019146	4,95266946002529
2,85951838071534	2,15959629026703
6,5978375767109	4,47091589077543
4,44010409355093	0,660099144617259
6,69665240715492	4,38775081132994
3,42593684124591	0,68534062609803
4,66958464804451	0,495485303053206
5,78234712389668	4,06369980251859
7,02616171795609	4,37266151821535
9,81748063449573	6,66072165045568
6,48886335262834	4,43057221457919
9,05210622379346	6,6669062584203
10,0605600969551	5,8170543885343
4,76171127199108	0,324458780687597
10,5511917288364	5,7775812384117
9,92374519811774	5,00228409049658
6,77791433593951	4,63599137061637
8,25290706489826	7,50849297603373
10,2809859679817	3,67868528258179
7,1663089613609	4,27527644004975
9,75248536934435	4,11064807765098
6,28684510392499	2,93894097639144
9,62015786197306	5,74162129216177
7,54954651498943	2,54302210585164
7,19578900024684	-1,66383869522952
9,89625722871595	5,87514730473136
7,31270121595534	5,18169597345528
6,50941105333331	3,99808634658382
6,4247501428674	3,53123416887687
7,80276178521733	3,62402399010419
3,35130245132322	1,95686419395696
10,0272686338151	5,78132470530214
5,59867516599475	5,76956472384654
3,5217041114226	0,693115050038248
6,68364147662868	4,57580306857057
3,96703691668984	0,807399056292169
10,5890672354388	4,83026939003069
6,50893333548465	4,44335670113868
6,62153150389174	4,9754768615217
8,72025513421478	6,83125978511712
5,21906903287069	-0,845926947375364
6,38209051866647	3,80218376901101
6,74772021916126	4,28897851296258
3,24060635170792	1,27869945087086
6,69221598638246	4,29682370053393
7,26542503298753	4,23202146374804
9,77532228552649	2,52171989239695
9,10039665255939	6,84568754698074
7,20020093230713	4,4495488263616
6,19622454203585	5,45339618741971
9,98292830347999	6,84307208618512
6,74516532088149	5,56043525584257
5,87600936254193	3,4601086233066
9,83905068062327	6,71303729430171
6,09938902791489	5,75873986267431
5,05352713125299	-0,0454847645344683
6,5942116067004	5,18560267839776
10,0537815251954	5,90237770215968
6,74037919871786	3,13797668275929
3,05749020121315	3,19929201445043
7,10081186700128	9,15008084451756
4,62326746169576	0,562161260416331
3,15461102593764	1,57806718332517
3,8863870773866	1,65237404762849
3,46779823600852	1,18128161653547
10,6683368669375	4,9658556315258
6,8255159704683	5,04320970877403
5,91693885014298	5,04421803358572
7,58079890773168	3,12735834702138
4,4877073788987	0,566028045165202
6,73199581078609	4,32862089371749
3,16748051351795	2,87625850769062
7,30183831392684	5,05826073475667
5,84648333548163	3,8168476616335
4,79884046222578	0,617250372245398
3,68091658397984	1,41002563912609
5,80636889443102	4,48164227081277
5,17465227321003	-0,972680496902062
6,97155327876492	3,29742217685315
3,47472155313649	0,91558780905489
6,1077330205204	3,48863417101069
6,86191372835196	4,66392673266122
5,54444161337404	5,24607605836276
9,53150850222066	7,86252920761168
3,66476151230978	0,998083498873643
2,28645723217485	4,87642764795399
10,3768165762065	3,69780147148276
6,18200432931824	3,55676143221993
10,716793656866	2,40196408974056
4,33470059807053	-0,84896181180587
10,7779968609157	2,03296991341991
9,95837083580823	5,82408456020709
6,25288688851348	3,78511417632618
9,90079206150417	6,35566509179896
6,82315119389079	2,87691483219872
3,84791308302305	1,41517576933616
6,8319227248078	4,2716534195629
6,69403101503213	4,31274445936564
7,51885487573333	7,88451438875238
4,04895084321797	1,32462454099907
6,05123508370374	-0,355077635161295
3,20869197538491	0,33655352576589
7,64423404309109	2,26230361957762
3,45160833225697	2,08598675014158
9,71995908655041	6,41305649317444
6,60787386474455	3,89278153199226
9,22021811087608	6,60073654714722
10,5475574611198	6,30776452907243
2,87964003755372	2,22631620390788
10,9443725302369	4,86181346802083
6,78257782449998	4,97878144781316
6,07530770720829	5,54579704977626
6,49508738502766	4,74173247255729
6,20234336929373	-0,259295429523797
7,75809803278878	2,97648875296432
7,70732925793203	3,62783939431314
10,0831861218675	3,7840874571271
7,7376075294088	3,67160843693677
9,99622521676001	5,7645827549045
9,19228551547776	7,74287403470321
6,98043094483924	4,65960029582602
8,42947123948858	7,45834840075834
9,77193284107317	6,09099937491405
4,60446690067962	0,346686810581138
8,47238318633363	8,8042926347764
10,0348095528491	5,12641096972751
3,79824191501569	0,788594672384839
2,79641630272578	3,43965042805517
3,34222329428265	1,43087695411022
9,65620095347374	5,3882903735722
3,25756735010819	0,949090411641871
3,5785143573513	0,905144965427545
4,84930060557733	0,490703773785733
9,89969129797862	5,85520590456828
10,4017751212008	4,37763568670584
10,0592317421316	3,74391000249186
2,85053417390657	2,04500435405551
7,03606667148119	3,57805112260998
3,26706828613497	0,169525811789855
10,207989127665	6,84252235038266
6,37189252091765	4,23919525848481
10,5346306591448	5,44961647806841
9,76825900746194	5,44075903047637
4,99763558641031	0,204885824976827
5,37248890693942	-0,988764416596318
9,99124929179247	5,79971903162225
3,28413258153697	0,785302809651503
8,99220544710571	7,77997996267891
2,01289941987874	3,46685162615894
3,60459211603232	0,942221350125154
10,2750483471283	5,53263589839062
10,2675984664004	5,84103154232916
2,2974353610097	3,00829890892908
6,76669212207731	4,2015088014437
3,25487043756893	2,3934561104396
10,0555258501534	6,35219029043177
2,54628604343033	5,51985731412556
9,93513303689604	5,87650553002508
4,11800199736564	0,288254124906954
7,69633895696331	-1,1059927446285
6,84651890431199	3,94260762933764
9,22372269005698	6,66882277631776
3,0765813177086	1,20426308899008
9,85970069444136	4,70095884515653
9,0241693774932	7,06526646567955
10,7852321784652	3,82700873110411
2,52588030709937	1,30132925409221
6,41587448196595	-1,71912948795416
6,16416967092746	4,45819494620641
10,266541639386	2,01819917110207
6,99373569977491	4,98263311287446
6,08258501079621	6,38490045205105
7,50550145050285	-1,07058503454034
11,0194847694821	1,50297811040627
9,11805221775573	6,8783593906255
10,0277072015304	5,69318819471425
3,11157708214315	1,26338951974121
5,8000279667477	5,20561771841633
10,6026011560182	5,20502625693791
7,35556787921612	3,44483673964937
6,55686593186279	-0,745391713771909
7,36601008455358	-1,60420842970022
3,580242242721	1,29144495876411
3,57803014155218	0,511137965300738
6,131857240856	5,48606256980276
8,28391447774003	8,390248018632
6,03136906152401	3,87547412717733
4,22099795685251	1,00610383192485
3,46200282982364	0,984036553484395
3,48281688840522	0,976380121152007
9,68942879264143	6,04918972477161
10,8215731093025	1,33737475900808
6,22498781806731	4,2131438081899
5,52488214882262	8,85353864703998
6,07871585669528	5,24774427102124
10,168593545982	5,00840234194418
3,81393789079344	0,252642701494457
3,20882061829758	5,16015110525913
10,0273501853516	6,50725840632768
3,45095604441087	0,969739479111423
11,2668567692705	2,8274478833075
6,94885634373878	4,64013528048224
3,29052387413654	1,072856896876
9,61128241762969	5,16296491361951
10,4072432885031	5,79582362070431
5,96850832249865	3,78966656023584
3,25467351908049	0,937747284402477
6,15120354619351	3,24930337942232
3,66038100572036	0,781928072365258
10,4007342358013	6,5832769369597
3,3604763758133	1,0388596480805
10,6838649847889	5,37079833168672
6,02159068288747	3,04489711219305
10,1293240448199	6,06212090831228
3,37470096248959	2,91723818503868
9,28695954115119	5,8764708581129
2,73161055079227	1,07177909347209
3,39719613051246	0,686209159467891
2,87823308989812	0,822927422989492
1,96008227320189	4,25046714808387
7,15663996000778	4,13924285963689
9,85903882988749	6,40147343867268
10,2099194663926	6,33220851436825
7,44282526446241	-1,55467543107778
9,26680858221693	6,49818963449974
7,4454000691666	4,86029045928288
6,21968743667202	5,39839040962358
9,78242453588715	5,39653853533095
6,15161164786974	6,57755890796245
3,36854721333222	0,557808199364462
5,65285617388169	-0,922627694404027
4,00151516891252	0,941363880058253
6,69580469516895	5,8676663117392
6,44476347818585	3,89483695382558
7,53995260379538	3,70835940686311
6,74593911109979	4,33753538673577
7,46177242405339	3,84563060191545
7,74362505532744	2,3213629621587
9,48177892065112	6,86723339707904
6,14022489742827	8,5431472014139
7,16931300718891	4,99705925046965
6,22859762227102	3,43086813436573
6,69955057068562	4,31951918387876
10,1453884396586	2,86372894076352
3,357505851847	1,52386231823793
6,60202146448418	5,40646729464728
8,98352537375803	6,55687350157939
5,9166265626009	9,09089847444072
5,55317857313682	8,66957766306413
6,48460092090483	4,7723099920407
3,56282214268174	2,2279010860964
9,88056630662019	5,92041609701463
6,70410136787924	4,33400323264009
9,98786523336672	2,55586062564967
4,03323530943291	0,845262156307177
9,08381983346924	6,20311972244052
9,91318997351734	6,02532704889098
6,55821079656851	2,84731976383851
9,63208718409632	5,69980089408155
2,81900304778232	1,04884912864137
1,94856672281739	4,06744555578377
6,20802249959981	3,48137467607567
10,5210964012357	2,39640631662736
10,5324478272894	3,23298662357732
7,33507112339703	2,80020783633976
6,31597994617243	4,73266497451167
10,1866629857457	5,72987825715091
7,62030555866147	8,99028096157218
10,7134112707394	4,44502689493868
6,34407194146757	-0,297434442941167
5,2535309566672	-0,904031091682155
8,31206526771465	8,18423766498361
5,85330714017921	3,72907550480253
3,49970680763168	1,96670544604129
9,81417615320223	5,61211408747178
7,06691388282646	4,52062643542645
3,62891244575264	1,21907431285806
11,1408098046049	3,14420433204141
6,85359870895047	8,85409643462282
2,65730932116828	4,84839846232895
3,84420824470604	1,19941276723576
10,0908025003479	5,12844889561065
9,67756102958597	6,38519629445719
7,51212116219972	4,69743846798979
10,4559728315345	2,41069836278601
2,84979222081701	5,43291636268224
9,91321867744043	5,12293315406308
10,2965729539269	5,95237801747464
4,87367725800159	0,255877349394518
7,04066661015578	4,24925688971651
9,95867280551296	5,86091369990475
3,62620215630165	1,2005905581166
6,09264184999663	-1,15649872834655
2,45333185034789	3,3810132350093
9,91590745760446	-3,02437719469929
6,28358886276475	5,97839813248508
10,03005261903	6,32953617056544
3,18874277354882	2,30809288304198
9,89344513388688	1,23736344636007
7,44547353410823	4,63480084003465
3,54913910776797	0,991625000918042
3,0325067781717	3,25435219088326
6,39083424446135	4,23197803228265
9,358731487464	6,6993229818568
9,58267161069914	7,11164604196629
5,75064776950433	-0,429678881037195
9,91186803342949	5,92464090135218
3,67947312607353	1,11774577784568
6,23113565570461	5,51239976637585
3,37345174535297	0,936200269927446
7,33999407124367	5,09978407257561
6,411637556669	4,79923908073899
7,67625616169069	3,8941050146104
3,26679498621907	1,16496769952525
10,7293017399241	5,27515767485526
9,58038892059717	6,59789011233665
9,4438055453743	5,7542437683803
5,86331593613584	5,51614384993253
6,14699128392785	2,73852914552948
6,96535315938751	5,72307602615319
10,5230949236141	5,55867273343438
9,58785051812624	5,12703508978644
6,73728850477179	4,39924715898624
10,4537246827597	4,83440815201181
5,89303795826653	4,46472114849788
9,49828676341018	5,42613176312761
6,27622080538013	5,03491245095178
3,40316360962204	0,752172269912186
3,84491121986066	0,853090535447871
10,0980363225349	5,41851506422083
6,01101438997921	3,18428165517679
9,9996886816557	1,58196352642128
3,53709267098395	1,13247095196563
6,01076206364186	3,14138374053808
7,34631878051978	9,24377498883163
3,74303060006993	0,143118497919277
6,81476298724099	3,80968381305944
10,9435757568012	4,6204891226596
5,88093671351748	5,41503039157237
6,18502391119245	3,85544073776446
6,93862157352208	3,61006437823481
2,82985646729051	2,7121094786174
5,9083848189281	-1,19393687343692
6,85338491750488	-1,34307556606161
3,58093446049795	0,940594914457383
10,2695351345621	5,99697794797982
3,00911762925444	2,72095998637744
5,78809785294902	3,95561732286835
10,3790087140253	3,32156625603133
6,90283099491889	4,08933639876916
6,3890547912145	3,36281713696829
2,92704202823988	4,03153558392179
7,69421179890207	3,12872587633191
3,14245447264087	3,15730675693096
5,99458708295835	3,04289761771887
3,3799115578752	0,726867147211469
4,18221545214801	-0,425947956796343
6,60414829174816	4,40576557739895
6,35280131878436	4,49926975672663
10,2141929418701	5,92166772575336
5,97762840582593	3,9271006743542
6,73965738933823	4,31630006596589
6,57503965557768	3,90272619009818
6,46857884212334	4,09371630176255
6,23024791022972	4,15803132694634
8,94999284114911	7,48074031994539
9,20145271572034	6,20311171034508
3,53504293169489	0,780983229583425
2,62620953220637	4,81051345985718
3,77912280042933	1,56126911913743
9,9866779837885	5,73133490026011
7,42697268806346	4,51496226889409
10,1097300147073	5,91925561008786
6,91715163264456	4,41596098860734
9,91679937792211	5,86869483097519
7,01786386643098	4,42944792363607
2,8199311873287	0,895643487133193
3,37358472096648	0,859080785799033
3,52153171281787	2,24651601991086
6,73621202884272	4,34439652721831
3,59335819375613	0,818828964195713
4,10543296449556	0,850291299850552
6,65615007082252	5,91636371664719
10,2933869105161	4,48046363262993
7,61905017214323	2,84456788022346
6,76096639851176	4,35120931186821
8,62646246630234	6,6340792376166
8,46382725643118	7,16816667569765
5,89392249516851	3,71177227089429
7,40466174487472	3,38276891237078
4,57260843467826	-1,0704367185763
9,62542796660928	6,18756691307947
4,97855705587057	0,198358158902079
6,79604692696224	2,92536419582371
10,103314546498	5,31438534627817
2,98720250931423	0,907653197989161
3,65045918862513	1,46272572398452
6,43045100550021	3,77857077239127
6,66149699144724	4,33481854100576
5,59195223756385	-1,53874678239828
3,50656074441099	1,08654570451816
7,85838837481018	8,75154145013266
5,51842705894588	-1,15522124253733
3,53398284140572	0,981402770216399
6,7279874056538	4,52784883860685
6,52750246105154	4,27834551665159
6,56004023941604	5,82549212225787
4,00419778928302	1,52301598062377
2,98874038770902	1,24750853071405
3,74393140246537	0,0758567363033924
9,03595981927709	6,79123725900251
9,11361116892342	6,87775615691104
6,67033691800936	4,91260514579596
5,88995149583041	6,11234334775261
6,0201600234821	3,39780906298277
3,72613796962619	1,43056622305216
10,7729625655251	3,94709378844459
9,91754502388242	5,17541206690345
10,3333386839116	5,00425110532207
4,12754655477106	1,09551166023639
3,71516727001416	0,905035523680157
7,17238633303433	3,18062933049953
10,078794058246	5,76041255650986
7,26638397879471	3,02487493016718
2,01128311727818	2,91709662936721
7,35139290652575	2,42596141612762
7,15439803457505	4,42335299929807
9,80446717746309	3,80325588577092
3,52007422891472	0,914147508950915
6,770112569379	5,27600990525932
8,86805436017827	7,35841919811415
9,86239266997159	5,36158468356206
6,69578659765946	4,32670589868731
2,81219583524827	4,52653212982513
9,10684944751354	7,23720810544607
6,81155689224554	4,34849953421455
4,02202971445835	0,294535058221807
6,59212242608914	4,2017163027669
9,83822136764768	6,01223244252109
7,20083903033729	3,79534420954782
5,97936980725833	5,75928823397769
2,17683583182409	4,35048471824275
5,72138391096177	-0,255180937461905
7,77599686053182	8,13640502330006
6,24101757534019	4,41353407984878
7,22571230093879	3,48366883236724
5,21951030390417	0,173187122728631
3,50127921689594	0,912906335296182
3,21355353726974	3,38236857799473
9,57034866222076	5,85700323549733
2,54765810521693	1,95282549448884
7,41465021369629	9,38673434853808
6,31536409575064	4,28505024655136
6,00430521478377	5,2439716896822
9,86926051564534	5,95668563632382
6,63999957522079	3,45908494197229
5,80932745206311	4,77418918483528
6,0631835285351	2,69909607325074
9,23288465618434	6,2476844098018
4,65372955628842	0,247144612408716
6,06472655282	-0,750745696087706
10,122814641896	6,92535380856666
3,21223058476343	0,952524908707625
5,19512561498864	5,08021125638307
3,75531593227654	0,853390661530066
6,35135318875132	6,40988159208221
3,70985953462053	-0,0541527043062652
9,76210434070254	4,79193311282459
3,17684223589458	0,5086019378185
7,21320394303587	4,53887772797885
3,5178660522663	0,981111884105965
10,9649259813021	4,7207877628786
6,4526423142571	3,9074019895641
6,64219896218976	2,57492392185163
6,83333470737527	-1,76599511836589
7,25738587437852	4,04121044425605
2,98106640048636	1,12989800874698
6,4159134961734	4,34673880511327
2,97434725285766	0,812297970591252
7,5325248079308	-1,76315791744177
7,74340139486025	4,11560644096447
9,17082149522244	7,85358394075072
9,43712367324786	5,78231271456789
10,1107290471136	5,84103569480539
6,99921929913937	4,45919012926007
9,55362609957218	0,572182022258053
6,84290327969486	4,280619734713
3,49918958337762	0,99976868331781
10,5595798310397	4,23647313815654
3,47668591140783	0,953735859132113
2,97178536561116	0,57910348414414
6,9216750156338	2,69710825631422
3,89391363705382	1,19528742275534
9,88331762959399	5,85222606108449
9,14217666325342	6,16025052575299
7,22848465255494	-0,696151198855558
10,3779404684642	3,59795913990241
6,23441209257655	3,50926307546524
7,43956350996438	4,19968337784724
2,59844424338248	4,59560145158124
3,33605777991608	1,39276948465048
6,3143669970038	4,13375469917122
10,0941351889738	6,73908000558739
9,98411265951135	6,32868185677739
10,4828790810557	6,06916208420323
3,3127311345045	2,2964770292486
3,35143636762353	1,01248750476133
4,33721767605779	0,798428341607299
7,08086058904724	4,04701598921827
6,31467138940891	4,32179097596005
2,54513457998212	1,43237224742565
9,35481923162168	5,62739322121892
3,70512814568503	0,814958455722077
9,44434714839756	7,02755515252314
9,15648692378026	6,36197152884849
6,67636710740025	4,18036736351388
6,22846250130543	3,56102970248003
3,29196466788479	2,10987740987794
9,49825851974703	6,86324061091353
2,64461320273102	2,23916977936907
6,26211596887096	5,31896839145594
9,84578507476368	5,69431228470554
5,56877285316264	-0,17432559778713
5,94072248401527	5,26354079266572
6,65480317708749	3,1389328003181
10,2545116528676	5,76238471903664
3,95309362805058	1,44720181638864
7,40472321552798	3,67747801991379
3,68221520658111	1,23148237586978
3,6132706409271	0,88561028761895
3,75077722274277	0,937241135643137
5,95612158268246	-0,814400818858251
6,07815139842805	3,10952631090878
6,34655706221291	4,2948579208732
7,14569418918985	2,59275680518336
9,81791620040288	5,77121904276613
4,1950941598056	0,721572319521874
8,74649466035314	6,45053389310091
3,07031943758995	3,93847964633102
6,92309178872451	3,69818049109554
3,10038148643562	2,67347228070805
3,46339633877063	0,886204564862923
7,2914551590235	5,15627281167778
3,24405759411034	0,728448760891005
7,02576740074983	5,71257752224954
9,79795722279092	6,08398776559067
3,89594410446298	1,0058665659094
5,90225399730137	3,40608187260534
3,45470360965059	0,748361020002268
8,59064393280744	7,49931979487355
6,08926281843851	-0,712751727444855
3,36648400507738	1,29712915499999
2,96684277694628	2,03810998717266
10,5895638140991	0,973059810998048
6,08811715963192	2,65460056531157
6,53887295726314	4,51797653488076
10,2178680309941	4,75611676344479
8,34541815979265	7,35905064805237
3,49455826688286	0,957489403861649
6,65673140727795	5,00322132363876
6,15049542502497	4,76181684044186
7,23856718321699	9,46676907848568
9,39730305779723	6,43007012441838
2,21868026817477	4,47165900493452
4,51899299106901	0,73916982446418
9,25670853300396	6,31261260117989
3,63353456434507	0,284488981075836
6,47393405933723	3,630999191735
8,57272876221969	8,15502077282129
6,53741317638065	3,49541998466631
6,45824901105749	4,74955144329074
8,36567735796347	8,83212729391458
9,18233035271582	8,01227364007425
5,01784376017494	-0,603416478113152
6,03698337212173	5,72026596552317
6,95674015935991	4,24581614740194
7,63218139588608	8,43165277704211
10,6900899856206	0,749467179744562
6,67729334202794	3,86558897390704
6,81179797812337	4,15612869403776
7,37521975856953	4,01343600264366
3,1469864979392	3,65601187295672
3,94212305435833	1,15963748602506
7,03157994107017	4,9274890649937
3,51872779019201	0,978238269041968
5,55038302128189	-0,987423636901824
2,31075117194848	2,88127607374874
9,4202803340034	5,69585409985739
9,92951236408247	7,26920906187486
6,59802388969238	4,68314055519034
7,15110314292012	5,32215278219382
2,36051090895586	4,9498859701077
9,65186939189921	5,96420818429513
3,15622208014785	4,48471810900764
8,03582244289529	8,14522053519118
6,17769935014063	3,78629556819787
7,0097154301575	4,77971239239707
3,87722925267322	0,735894903157553
2,93203763249514	2,08617172784355
8,66088002021787	6,91604593284393
5,61821788762831	4,63005813388332
5,87811695514138	5,61131144542903
6,23749062944515	4,47596362333151
6,86397461234677	4,5703564936418
4,3290564912499	0,412738997809571
9,71383913455595	5,38394201079549
6,98888364292491	4,50580818986768
3,74125003603753	0,979843234195335
6,70702063925336	4,16602648614952
6,96984722250281	4,32965963076324
4,74900279714506	-0,177382978235325
9,77928663963022	6,098321228355
10,0143006519529	5,87303793168422
10,1717991179201	0,8681971418423
7,07211353563586	4,68294805417999
5,93366927074271	8,87738416544936
2,45216934639674	5,3685035497567
3,48402820221458	1,07446525337914
5,3708069166186	5,45824521543663
6,63777833575789	9,49919782274824
9,03333338573795	6,31665161264231
9,18938578642682	6,52868098144126
5,80421258623437	4,22058244256006
7,65616556503367	2,78534908213475
6,14047742663104	9,39912035720949
2,53348363417146	3,41273709428421
10,2787295824886	3,15288907523563
2,60056722706538	3,53976740247925
5,72880035350545	-0,577950732029518
4,36070614227005	0,706320348928439
9,89450238191568	4,24495061197643
6,43324286738148	5,62267174256876
3,63530391450692	0,985591135989316
2,85669661034544	3,2577276283216
10,1892108098707	4,30487544797688
4,47523589328546	-0,976387725492193
2,85375693227129	1,22869761692611
9,09085743239058	7,44837908346496
7,1008424643571	4,57260546420884
7,58512267194373	4,57056341919355
8,17610566002493	7,5714984424345
5,96540653527706	4,45177576840472
5,59297486129209	9,47549887921537
9,40658832958234	6,81040408727573
6,93628410854919	4,48854305214926
6,01278923520673	3,69594749131195
11,1630820954001	3,74013749093872
6,56608748126291	5,23027209579959
5,73919379706986	-1,0188781458368
10,3247340037186	4,76226475414411
6,45016625651122	3,44274343702176
8,31123958212624	8,11804865532628
8,83622112023842	6,72109585921109
5,42756710841415	-0,229977723321499
9,75009742383696	4,17133720737945
7,14922359618315	4,18764579406841
10,0737381644594	2,15118206907742
7,04119146813537	5,03514139194836
7,61839082071059	9,33746903277107
9,63943853824998	5,74145187088986
5,5635765901747	-0,462806642474152
3,42060766603431	5,23945835405719
2,21520068670573	1,88257596727358
3,94008412739421	1,2329502512123
10,1541334187464	5,32573962831237
5,99840654776257	4,41282660483062
6,78731640568629	4,0414915129707
5,94710172168677	3,34470443730048
5,57948820957541	4,58089409756293
9,44626558844036	7,90970133731503
10,2924954336274	4,73999907452457
10,2038802149907	5,88532349966833
6,89298481235674	4,36752719594248
6,5680819909325	4,30883934030546
4,76305471716809	-0,183127042657355
5,69579848363367	5,33976799161446
4,20398974770767	0,223370575274752
10,2217659660388	6,67233929541543
7,62632306016987	3,35526122796258
5,72367478905442	5,44310340728528
2,33578831335817	1,71567434849402
4,82301223384456	-0,292943536884464
3,85809156367474	1,11586171090966
6,07381288389085	3,16990912822361
9,951076184615	6,12837114372829
3,5212018241111	1,01635604229092
3,27596132107589	0,618626733778525
3,05273108938798	1,83619564330814
2,7992873618892	2,25191021740485
5,81171811457589	3,81585271781798
9,5662784505677	5,67430294533106
7,07576489403895	8,04040894807081
4,17747300996225	0,831029205867799
6,4491049055581	4,93614184121798
6,20983318494357	4,53979271667071
6,46179622059163	4,19714605279262
3,32349797458073	1,64540824473224
6,31332810626925	3,2035120758947
6,40885371970176	3,73826533824679
6,63618506182437	3,11931808408642
8,18340959491847	7,97010958314098
5,31389576922384	-1,25301611280865
5,29258366486515	-0,346817322187459
4,06989570824349	1,43179199592579
9,60092564496859	6,41813183698345
11,0661625084892	3,8967589326155
2,0190058759263	4,29210234293309
6,98660419611148	3,6046062670085
5,54054486130921	5,20703837246194
10,1864084399451	5,87916308669687
3,36562794596437	1,12202610035927
9,94492772436871	5,87414245700741
10,3545490138059	6,02756275513094
5,15018233429262	4,92695830715403
2,81275911137245	1,73451083801366
6,13423511670478	3,16484652469562
10,3175745525498	5,00149422691377
3,73419467306801	1,25154326311962
6,42867633394579	4,3545538589281
6,86563898564781	4,31622096883617
3,48051419335503	1,33966078680816
10,4694204960192	6,19445233350594
5,96885579852266	4,40602501336476
3,54746665079368	0,236638030147757
3,62683270199882	0,654629733404025
4,20691082880374	0,925567899086777
7,80181708287037	7,52807160535159
5,42907419621594	5,20966675537374
2,13336913733646	5,4476973544784
3,69517570240441	0,733536469924091
10,3438796370303	6,26829627193578
3,62143352074393	1,12488710292584
6,51096813354909	4,22194426974165
6,63971290125728	4,4088194184477
1,90301625439858	3,11924778097354
9,47461441307657	6,93951802632671
6,64395700727571	3,95975943102503
3,1479916904507	1,09653212901131
3,76443357391366	0,813537968705597
9,50351765795125	0,46105733163747
7,67560558791663	3,59798142666371
10,0633269610601	5,53775658350026
10,7774255951978	1,47838219296715
9,78184368701668	5,03990299257171
7,08777875079472	-1,49636970016794
5,61281204502761	8,88758854121927
7,70419405581737	3,20934171900497
4,05753247889887	0,696940720733214
10,133765756526	6,15495613361256
7,716485372457	3,48970054763499
6,37112265320512	2,81181888611475
3,83551616141742	1,5825636565232
5,6355987047769	9,04866924664633
9,95370430386569	5,83137037140038
7,07090961561595	2,83321272448454
5,9652894629649	3,62657584338478
5,34669397592413	-0,0428326808650643
2,90438878373448	4,00705342764382
3,26348335563795	1,07688916650819
8,27387436288597	7,87411253844731
10,626745638216	2,7301761192042
6,51641137794917	5,67119058238053
3,46188019333218	0,957116115588555
3,21496774413414	3,99503550577502
3,46517686790336	0,930954989341328
10,071263639797	2,31117925905585
10,5831864436116	4,77611887781952
9,53554805702918	6,25172473485507
3,43186891840582	0,967476122332081
6,79707213352031	9,36247199311781
6,04453809806755	4,62016271527782
3,11571354371224	2,67842904852939
6,56833848027005	5,53346640746957
6,01220763057803	3,88270125297289
7,35095967046229	5,19409792709424
3,24502421190064	4,22441872442241
2,69107021001205	3,52748704797658
6,78402841965111	4,5289027680555
6,59447959277025	3,82530310492909
4,40813344078009	-0,113814825104996
6,55975060363736	4,30859117997132
9,73495806288689	5,73523218144686
9,42526978176488	5,98984170473857
6,62437206667368	3,80716512523133
6,22509967201971	5,26036056416003
3,48863105122	0,971758601730641
6,59796849593159	4,21905132895141
2,32377883222798	4,40833972762535
3,50051382042449	0,855211752230701
7,15125463874325	4,16773503933296
8,34789136710625	8,61868003887193
5,87543674754692	5,22607546351226
7,38033260109239	3,17498667603012
4,48530217387005	-0,333903669253332
4,5662265018056	-0,064531072473214
10,1344943708332	5,1036078707668
3,20666281623005	2,80827907066176
3,63042115647674	0,393851262219381
9,81065604946374	4,2142213407662
3,47942179575798	0,409452502674365
2,44852418018055	3,151782116822
5,74704520622776	4,24716322598592
3,49377339851382	0,970290378541155
4,21844283085164	0,856763908088553
6,06262503450561	4,28511964379494
9,92521548307148	5,87749777499615
9,95126053308355	5,55827538463641
6,58965431575432	4,63476547420563
6,59921631257367	2,85445559075014
10,6673782945073	5,29826094004795
10,2448137414066	0,518187174391485
9,51691240189256	5,86649091575659
3,93122171501478	0,544456463700987
10,3058010301828	6,01741106838154
10,2141482939849	2,47105369346458
7,06688039500769	4,07055696136453
9,98877839985537	5,80142217924193
3,7647070835885	-0,178178585505472
10,4135286381636	1,60093299711925
7,24978506124797	5,41276411486291
3,27532731657901	1,33559880560748
2,91550725852295	0,688928660726127
6,88005344816025	4,08988808274391
7,05617972026504	4,80160762925718
6,38737883789243	4,54283069354412
2,15276052786016	2,11801119194862
9,44228069461095	5,91039737797402
3,14048923697004	2,06588243573469
7,75486812028198	3,10531029450554
10,1505493094161	0,765962107471722
6,80467612779663	4,20904758834782
9,90434128263729	6,69107066691817
10,1091666745836	5,40045723375684
10,2084153839906	2,41549573949714
6,48645107203128	4,83371868821515
9,82499976138461	3,45813398877074
10,3524120436315	3,53104575993736
5,93366251284507	5,97951991801229
3,50677088780839	0,972820398466828
10,1479847805859	5,27323870856131
6,85203018312995	4,14481353120802
9,77275242191503	6,24316802046517
3,96558745573015	0,454312301022642
9,94197249074638	5,17971299895401
6,88624617779433	4,17726110757546
6,75830542927727	5,2258410707925
7,27365027989351	2,66682569016216
7,54677085810507	9,23288101452349
9,56159308894725	6,08286439998903
10,1489630824368	6,22480484440658
3,32434490563195	0,364245720087633
4,4052467982127	0,79931893694937
2,95179611169973	4,99342603894843
10,1996504352701	2,55144643497112
6,63185206564593	4,43454348078843
6,07381123104215	5,52792547246944
9,68678184212943	6,05225335995061
6,82866774094943	2,6968113518519
6,61444500645594	4,65337271702679
10,0727001478359	6,95547787065148
3,49291026923287	1,02354621210906
6,30517786905964	4,03114024856293
3,69311354857734	1,01241081448549
10,861581658579	4,90294234548428
9,7769766780527	5,97515638153807
5,85029439593844	4,0465600042655
5,36100146948125	4,77797677416228
6,27065386162024	2,62413014923627
10,6401230106793	5,31154826290668
4,39284816404765	0,978325772002503
3,5435090441911	0,780992235579649
6,31002775174029	4,97924576260664
9,95961075840804	4,8137165592044
7,16772182691789	3,65528023079601
9,64163051897871	6,60217242980264
3,21551402893813	0,947961007731356
4,17432094475332	0,00757899062939726
6,25022617205606	5,29694400988891
3,41109965760093	0,992964346950025
7,36217887673393	2,53331839385783
7,59466159004653	2,13696013862598
5,81186367235723	4,89840953588028
9,96232008992837	4,96163018100337
6,69917243152216	5,68917592802831
3,77610452323487	1,03230720306987
3,88236934520149	1,12916307406448
7,6467431608202	3,95850359528662
7,67772218156495	4,25007972121968
4,34496871752501	-0,650931940537012
6,45197597036352	4,726397195851
5,46311202473067	-1,42204061890458
6,18871795031222	4,97907617873658
8,33698194277364	8,01369970159148
6,71917457796306	2,70484972002834
2,76819102338079	1,20327038855755
6,89091844743694	4,84919535938676
2,48499352840238	3,024258960864
10,4408500251769	3,39349327134595
9,2957429541952	5,60952924139941
1,95385597827378	4,40228491259974
5,92609447159059	2,75415906132083
3,74259035860885	1,58360920099934
10,0541750641418	2,37483400973081
6,41322916806791	4,3716702026018
6,13149905619446	3,18980505780656
7,76478637275622	2,63780880779122
6,19453570211235	3,40796321626476
8,8258865625669	6,74220744113361
6,03340103778186	4,96167159751405
6,98699122224387	4,57448371699552
9,65763332767314	6,6685763675807
9,85951476595234	4,74468298284054
2,9887753501571	0,516175378113873
8,70832879756613	7,07378883749173
6,01826800589266	3,7524927339583
9,92721155706607	5,94607506810936
6,312402798977	4,626537949564
3,11711147938829	0,771320503282974
10,1358410343035	5,86164298005927
9,51048118477537	7,19428191059507
6,64839889292349	9,69541450813881
9,93146630455595	5,30094619569204
7,5022214762152	2,52191900070491
3,43089161498211	0,894918918167131
7,5634444186809	3,93157292273884
7,91013798644719	7,62679301669674
6,69308850673441	-0,974959014283984
10,6861987284315	3,96213377182617
5,10717923125232	4,97005864152737
6,84188442020584	4,32211732247402
7,41206897484865	2,28231054789215
4,37983822530307	0,888825376946541
7,50990640188481	4,01579238078216
3,63455299816228	1,92513597509193
10,8187341889857	5,64720164106062
9,71094511843408	6,37814061242415
9,9050794613986	6,14199133128143
9,83620104525491	5,94163858076642
6,00385723249171	4,7290318463139
10,0001954009186	4,31697057464809
9,75716823401987	1,1499220808407
2,78572009987262	0,943681151798043
3,89492098717925	0,378401801169742
9,43809088149918	5,37292521910522
6,62368193670662	4,43643734483885
6,9678750780225	-1,36838053112162
6,86273493543365	-0,892566522659014
4,92288089388165	0,0815420363657595
2,53944258190935	2,12993621112312
10,0016906520183	5,79628604219985
6,68985650168629	4,48754314834151
6,55865913677423	3,48724066302663
9,69808133246511	6,96207826234055
6,67644123570498	5,14148025583942
3,79034339954355	0,895319095498428
3,50952486698005	0,720418922485101
2,82767444849637	1,54671679896315
6,49284637730609	9,47827674234623
3,46465389068944	0,580869980209851
5,68669264150736	4,72408532830216
6,8216964947622	8,30968922926163
3,82167042340174	0,741535008608444
2,50355230400126	1,35931998580546
9,22955440070508	7,60620068403116
3,57164615016715	1,51044423954742
10,3332799776951	6,65944618910144
6,16921681095592	-1,11425860953629
10,4829509337693	5,56177459236707
9,88563421733976	5,73518918938959
3,11285364103134	1,2414121529193
4,36224563850865	0,391120927096183
5,94088934312228	6,34393709179073
6,89605957895819	5,32795992545234
3,56592886003762	1,12734597846697
5,88754380434068	4,36756998367769
9,65838617922252	6,19881470717203
10,2683531118049	4,35930663438188
3,48974564594075	0,989041751966614
7,18382475110367	8,52300581169471
8,59674515889837	7,00126775594368
4,97242716825797	-0,0495422887395745
10,4928271504428	4,01202199938041
6,90593376242807	4,24343586903946
3,10113220263648	0,97632814120259
8,16523767493842	7,31351233371379
6,23580016259022	4,44798896514442
4,27051113782	-0,530040078345004
9,70505187934693	5,16660359791333
4,20664725556742	-0,539450698688746
7,72432208359494	-0,619230924891629
3,19682685851408	1,18873111969348
5,20526868396325	-1,12735353635806
10,4597219245406	5,79409120866443
10,1013626303654	5,95635014768958
2,92651717960872	4,03775836214272
3,33464206723556	4,23963558812009
5,55441373835368	5,81054490945034
9,65567437185745	5,72645685215848
9,99041591815285	6,06732981711296
3,67333790337817	1,14208619382738
3,18248176661246	1,39034596445994
9,86646373345225	3,6482504958106
4,23048081186441	0,296852783938551
3,87344040140061	1,0530880445994
7,07286675222261	4,62296770010522
9,40599690184632	7,97002585343779
6,67345210854072	4,23753060590098
2,39105452190522	1,7567214030717
2,86590337243764	1,30768321053538
5,01274047472553	-0,377405538452293
3,25521961750423	1,77173482320546
7,059868649465	4,88501522367584
10,3440659309821	5,66781457393125
10,6542304551418	0,491186274929629
6,39818227093533	3,44703794671675
10,0609512306763	5,88436696243886
9,67777576668803	4,75095867690748
2,06732781930774	4,12535475951865
6,51449918220807	3,83804746553872
10,3650974976529	5,63325261672376
10,9965427948868	4,15951193355599
2,47821108588194	2,88091548769075
9,2950808827458	7,31341604824292
10,2938137664037	5,82997645693581
10,5504069700579	1,70296613930143
6,67625883843897	3,11703514463611
3,76632934225452	1,60226338431747
3,92417190994148	0,24606649203842
2,03074427125031	4,093703225635
10,7649947451615	2,68626951133173
10,0394965485882	0,388421000347687
7,01301619959994	4,69891221827476
7,24357850832251	2,59158254897926
10,4052482935184	6,09759827511204
9,32999384311702	5,75188760208939
6,23629865885679	3,4395665302723
9,34886979683182	0,740366969984867
6,50170310627606	3,91289021606506
9,41850237314888	6,57471453384164
9,88494400734221	2,66557720675088
3,41105456090675	3,0041484283076
10,1587978532715	5,73219474974021
9,6148636043005	5,74389052111279
6,23235566233613	4,95189426028016
6,16561273659211	4,12127449461275
9,93544355070605	5,83061541368441
3,50076921148324	1,1645138067953
2,63228401431904	1,49901162765483
4,38381132262096	-0,513274053349778
6,31034365066835	4,28348102677076
4,57349525041788	0,544161402835989
9,32081411266373	7,97183097975354
3,94845488513695	0,200736337061219
2,92586325406398	1,68939151590761
8,0899458278695	7,2451359721761
6,15728351692011	3,1470678434821
6,24054283953641	4,76111604330617
2,63016980866527	1,37828962014756
10,8749290104536	4,83696446098998
5,59296084208509	-0,252937882263939
10,4038534443115	4,65380870117581
3,61625810087135	0,251385578923007
6,15839120224988	-1,52465049705728
6,13741597934399	3,82375138282435
4,67097779152782	0,355620440484346
4,74465801134756	-1,00122874590277
9,72967150865979	7,46623871624352
7,35979173611723	4,31740505944969
8,57122779832633	7,05283337238358
3,93155499665747	0,959652602460999
2,99661187427741	1,00715982641077
3,64088589817754	0,906751300730029
6,88339458439408	3,42773975631024
2,69190044504365	1,94732427406299
3,52623254565359	0,794095338907758
2,53875521809584	3,34212271456581
9,68892900246914	5,66918243939451
9,76602370268788	6,22468663849837
5,43690366575519	5,66395661452898
9,17582324307258	5,79055717032918
11,0296035708657	3,35742530625424
6,37730926879349	3,95324469091479
8,26075713084429	8,63179160242827
3,91301353453065	-0,589545299175444
2,1804614701573	4,68823675712103
6,80091182720295	4,51970639037561
9,98846885986277	1,92564910974446
4,95069595486359	-0,707456354781195
4,24158104633975	1,07120451920939
7,17110222172674	4,99914249521672
2,42181503504546	3,44510302626817
6,44758509150368	4,10844685008372
8,68846886238459	6,86199368616152
6,83994337290843	4,27504416568196
3,74885142441789	1,12768086083998
3,41042392558583	1,00082707947495
6,24800756614651	3,40241821188355
6,84902310086124	4,74335306718779
6,55738370832335	3,84184440717694
7,11094348458737	3,10747102534119
6,80089423567925	4,12574123877748
7,30465469974371	3,99740013839834
8,42876880788351	7,53613739210708
7,80858972644775	7,74021120547452
6,16705386680266	4,82320860666273
9,33748149902632	5,78866844469073
6,75354120911639	-1,26519661473198
5,94584703467721	3,27567791221972
10,0650852414039	3,98630291392145
8,44270518490431	8,87904101923998
10,3968449986509	5,16956663744736
5,98369102227616	-1,06768870085241
10,0805167083484	5,17648915032657
3,64712281530347	1,01456378380076
10,089780740012	6,30557439997314
2,26900498509351	4,61973938545714
7,34289228222471	3,81418701796513
5,99057448039944	-0,467104772129244
5,76976776536478	5,42453437315119
7,47844992744719	4,84599502326191
10,2463397472415	5,70765130840802
5,86817193897225	10,124092438788
4,71747731622468	0,143729952192656
7,47914909132645	9,44379014093946
11,0286050212053	1,76441873288743
5,87230200790082	5,01650310727845
3,53460806299315	0,966038751189572
4,79214420276838	0,135878035180812
6,78917405545398	5,0755047835688
7,15344148959822	2,26243311498656
6,11180914924474	-1,52255063783489
9,5480328053574	5,59712174587214
6,12655894138004	3,15003478033624
3,46948014589257	0,95917640131639
9,3963880110596	5,68835628994271
9,80656953950739	5,60414393652719
3,5317161136666	0,97407294923609
3,00180053791516	1,11170011241072
9,17467128896462	5,81216367429686
3,71683652296332	0,452940350026128
9,81362590570131	5,69717796011745
9,26526884369642	7,03802334935637
7,11447333433399	4,13475634676548
3,6772024532836	0,927055191203418
6,15394178961414	3,97858374559979
6,56627103477231	5,1721808335997
9,71656945757941	5,90478956027506
9,78843391898329	5,08666971444626
10,2192226934972	5,6140564770167
6,17346089604901	4,80392089061783
7,16467799605805	4,48942189424322
4,24566213385069	0,567915876947286
7,07936993233272	3,58068310156015
3,37083430570176	0,670487558067226
9,79563819214393	5,6388673498974
2,84128805927769	5,45404075273677
3,34863320641723	0,825594806277478
3,4693331142642	0,693477801535746
3,31438358581039	1,28911044317098
6,76914308888701	4,34375463816332
5,93947061842036	4,88759035076591
3,49217364000566	0,959373674025264
8,54109015987254	8,62022215351431
6,68862911768601	8,92441861583815
10,2125445849836	-0,121519160745775
9,61422786637715	5,85518659387191
7,67596486387511	9,0266732596331
6,21085372791151	4,02954868082949
11,0015349555889	3,71456626535635
3,55122104926381	0,436645548047113
6,7986799442073	4,94152190163875
6,48395550219614	4,50202439807678
3,46821904611151	0,959162603075792
10,6026233030456	4,58993553179497
5,94885059513746	3,79730330750976
6,04002172318014	3,67408038804475
2,12784587416924	3,92365029006447
7,30708441727776	4,02216452224554
2,04184364689358	5,14021766454719
6,99020567302839	-1,02724602250854
10,0511957818058	5,94645186219866
5,99065575047313	3,1999895484112
5,41925450448306	4,67575062245415
3,55185887007649	0,103547119493547
6,98612893320597	4,3569254932598
9,65459590318151	1,44922638139997
6,82802754202609	4,29270337351999
6,58482430199063	4,34745357975221
10,1616294661464	6,8027795191138
3,61115615727393	1,02650410913059
9,84424470702751	5,82286002770676
9,92441294323214	6,08561695152312
6,02628644590047	3,46815014137269
2,85737270767878	0,875719929625243
3,73309405171839	1,12957671347247
5,99237545754449	6,2488658955205
3,22091363683906	0,509045607304679
9,94372585148877	5,17802524237249
7,30837324915357	3,77922524991113
9,93811419788452	5,8713088892713
5,4658621850782	-0,0459660275240827
10,0403962127747	6,08233898982442
6,74738862842549	5,72620808649345
3,71542936231592	1,10664877054747
8,04519253535351	7,58818869001276
6,83605154848374	4,46710099533026
7,39089109421371	9,24171732078893
10,3260474158775	6,61104288209162
2,55000354832051	1,82827095393854
10,1666617716745	5,7003735672644
6,21024623379731	4,252995567109
6,65783091150153	4,3514555801239
9,66277876399206	4,79375976129362
5,90594247832581	6,33691414424552
9,42956006395577	6,01086159564184
6,03429134342643	8,57374792141164
3,64393318934513	1,01186807230816
5,24174235107212	4,81862484182803
7,33960855868841	9,36305522059623
3,47360593536562	4,93282187589768
9,80998607166076	5,91190867598524
9,69246681000243	5,81952255773483
11,0008163169098	5,04385732830982
9,32103808310339	6,29010204201603
6,44410586680393	-0,503236350142739
3,24642476907463	0,468831727610887
5,73784882781962	5,8866011050241
10,2161635554666	6,54992425422669
6,38202480117482	3,39480670324069
10,8306684988386	0,939913353882087
3,38427540392697	0,769462395562863
10,2420408213392	6,13676158687883
2,68473416338203	3,82695244203482
3,07048437716322	5,05550890235869
7,83860143552582	7,74886995766609
5,93777372384263	4,3100144326366
9,67256031452906	5,97414428433158
10,5587878225902	5,62180977601616
9,38500916359025	7,9286566604412
3,59167909884497	0,679571550347609
9,77506360649933	4,23978835538198
10,8886688019949	3,21441351315714
5,81711437151075	4,53502660622874
9,05515319506411	6,57105694167816
10,4424241368114	4,96757759714936
5,99664114192417	-1,23807753939978
5,61511387912516	-0,7297687194855
5,48323026975679	4,85927505666902
6,07270334757222	5,10020315773205
9,75413517630484	4,46255525372462
7,16530582493755	3,39920324188827
3,29343659819218	2,20174586906643
7,30223273107919	8,79388282213251
10,015888348017	5,46113553315432
6,47141202042329	3,74901267999516
2,07711589503899	2,59849752774565
10,0178170275361	2,03265227380638
2,50840787646633	2,21466341107275
9,46906461085356	5,79702668128847
3,86580120245702	1,16383856162813
5,87629531118944	3,91453219417978
5,67050891325087	4,20934594533622
7,16814336244708	4,12963708595388
6,67269113241132	4,86276906900304
7,51725422778167	3,55000062229407
3,52855164717715	0,850258487076222
7,61945142575928	2,55405365792046
5,62281299401071	5,87142803155306
10,3845260567489	6,61816175277767
9,78962070584853	1,33841669889375
6,56544586308344	4,66022266738939
6,53071086985601	4,38997510348179
5,38734114254729	0,13678531605708
7,12579131723511	4,8235833512845
6,62302102728638	4,33103445305163
6,5832012846099	4,43607197354505
7,42960007938583	3,3008142529422
10,7284854213264	5,9192810246488
4,24193373376126	-0,183750515594014
3,60095696421189	0,956996947921494
10,203446669164	6,0416200697388
3,5073339132295	0,965675067246457
10,7372103092298	4,48926123339715
6,61106088816857	3,74725159866299
6,9068104095018	4,27998465130581
5,59059909541258	5,97678231918168
6,44002152820564	4,56566410870544
3,72801015317299	0,517070423514491
10,0798602553713	5,85429535846604
9,3364023841237	6,44788412557279
5,32795015684518	5,34422754675709
9,31244420591645	6,02118593449898
9,55704417237654	5,23669519163122
8,00862207510141	8,04453251561021
5,47393544964377	-0,85342926128073
4,62181599853872	0,342959086643714
9,95416929102067	5,86440471831439
3,89963645916999	0,962952395564249
9,80100022814166	6,03174874775205
4,6186260095124	-0,579834292060333
6,39359941902803	5,11579194850217
8,19294606490686	8,02795641856174
9,90137178841746	4,33003331686287
7,4264368001038	3,95278651124558
4,98656240896839	-0,806076792101295
4,80061401937375	-0,056483919438765
5,08892254534114	-1,22055289020489
3,32924121521535	1,13929602431714
9,96572132155031	5,72407564396659
3,417851215665	1,33849775844559
3,42865113060983	1,02732503107897
9,82906069151075	3,50812116773108
3,11804152105829	2,41816031019354
3,25827722061709	0,877500169340716
3,55587127849941	2,23331339491529
9,83434325918575	5,66562321514708
6,39403212919566	6,1166741065062
9,96877078191747	5,85048058244033
6,52844136078976	3,91351066523251
6,84501314279226	4,05440129853164
9,8616495368573	7,19449064304478
3,33206139197257	2,62624305164085
10,7368121879855	5,88542864343319
6,74521545833687	5,67761964555341
2,01716061837429	4,20997979781591
2,41718384800512	2,76890002412737
10,0964392263134	6,79516540734185
7,85243426645726	8,91280997524302
3,46522863534511	0,95965271002997
3,4725966653397	0,716835246768529
8,53074698483028	7,1108972308367
6,54101480082662	4,92564414785691
6,54610583698958	4,35402157174528
11,1858616998564	4,13257787534396
10,756508491728	5,27367574171436
9,89570307517446	6,14670995580641
7,18140094798826	4,79561271735543
3,84321935928448	1,55374511635968
7,43881008303998	3,08933094282102
6,78486169695517	5,22206850481793
9,42885473622244	0,954836671646564
10,8812207774065	4,59481324382924
9,56000093812804	5,86817760129986
10,4847152950904	3,71620436239588
10,5872359194572	4,00651786941491
8,83511995762382	6,76930886021095
6,67026801288179	4,18717104367917
10,2701315116708	5,49219012708658
6,23358527642742	5,52448694286129
4,09094210703682	0,706561942800073
2,88153067026264	1,42309064681455
9,3888821899234	7,21823496226057
6,76604948897819	4,80020304537871
6,71384518181025	4,78010435961762
9,88836950775712	2,82035668523259
3,2583809841698	0,481067184875744
2,71722867423949	1,49802484865572
3,48644875730533	0,0856823155756027
7,1967832171466	2,24316645893517
3,2941970588455	2,12355070598423
3,31264603501914	1,58825952750249
6,00461897344073	3,92520536532204
7,08490321517106	3,71477341466892
6,27841283673278	4,15417435296081
3,12743311120595	4,67097149703218
6,62964787922921	4,33959015589756
6,53040700014796	4,66347711853784
6,91133900687332	4,16783548034472
11,1033704081274	4,72543656879508
3,54800345741246	0,907226169631971
3,40844061808806	1,06597309288182
3,30018769617021	0,792366149277938
8,38725319525806	8,63004972612778
7,63390550109094	4,28780185752673
10,0353445663615	5,82788448237874
7,5752721669421	-1,22230785944725
6,89725100091334	3,74033215380444
5,96244145338154	3,65683694125639
9,85496513446513	7,18139223525694
6,52777701653893	4,92831789540719
5,85589278731951	4,4062444504847
6,59749324518447	4,56066039725218
9,60903700373715	4,95823239451471
10,3148806177963	5,45361455027467
6,24986023254737	4,62958692684019
6,65120198904373	8,80529181813194
9,92089417457784	5,86449560540049
10,4418169658491	5,74793923506108
6,84199066733034	-0,538615420988071
3,3875200387161	1,09437568865922
2,56759136046568	2,99174164369647
5,56550866047879	5,31319694446258
6,59874932146274	4,52819983274627
9,1797551093772	7,00113839888572
2,96849203546411	0,85509879326622
3,69985658914373	0,260605540905699
2,85034752255248	2,02886145365624
3,24286936057894	0,383225229235367
7,44369877939498	3,08550707034638
3,80200353513529	0,524849725379602
6,53401266094311	4,33286514662296
9,88192801586845	5,85016104931412
6,82118779832884	4,56687489519197
10,8748118627157	1,22687756190808
6,87986512364055	8,54980190276224
2,48285893705906	3,51522411238159
7,63206662141419	9,00295643906633
3,02188380592133	1,94929640589176
6,68949065320638	-1,63783929389455
6,96151796018255	5,30231320844854
3,9430937342049	0,721764240075046
6,78006632637344	5,09029768875527
9,2410642239638	6,22846015598618
8,49128513327377	7,28396585057177
6,71066325321143	4,33298841648742
9,70351301950761	4,34890194718755
3,43822776406003	0,933370937805775
9,89476881087903	4,23091788531217
10,782025990226	0,978050862618323
6,93304802662186	8,6152812971963
9,94973674523176	5,96568252473116
7,02012157286	4,48111134849849
9,68035295703231	5,0791562090192
6,16205949562649	5,81747511653238
9,89982559164537	0,282398242942436
5,93985010076114	4,73332264300322
7,68825184248482	2,18125118705574
6,69828677240622	4,25711864226459
6,32709209740443	3,55693219215984
6,23202076408943	5,65187527212252
6,00104746439996	4,05312163233071
4,59552202125243	-0,910315487149363
3,2920377940752	1,02010943602021
9,29805288284423	6,70468548215775
6,91022854701907	4,09426499357762
3,94302232303022	0,443673972385611
3,47100972991367	1,32953268015524
2,92840799562385	2,1845159261427
5,53485821638732	5,28153315183976
3,82966417963868	0,987063215487265
6,56738208909786	4,90719738528357
10,0724499019811	3,74203953662104
7,76072182275881	3,45069785052757
3,0371847792674	1,31194990084193
6,99175047212855	4,41998811610112
5,24278718352559	-0,754172457779239
3,59798358077627	1,82844968668588
2,7580576416903	1,06542666655996
9,97399469640441	5,59358543423739
6,73711026739837	4,66320788239295
4,8392532444697	0,189077963093169
4,13371137675779	0,942213345789055
6,84468680715793	2,92910366505778
10,2320791400481	6,76054698797408
6,67448337270535	-1,27910342444582
6,41614065893346	3,9219739864886
8,52497381690701	7,6813551536266
8,74335714347913	7,12492003013592
10,5389991787224	5,41876404087908
2,8846059538583	1,21837593817979
6,61903222617971	3,34475067567199
2,77159063564042	1,16789795278168
9,38597621059139	6,36627417927373
3,48239988418246	1,07224219835864
2,58356337036159	1,3895378228973
5,36095490028002	8,94304176576478
4,95514633319163	-0,492096996637523
8,70476742551763	8,10234865583506
3,89146730790533	-0,468908540171262
9,10698480294379	8,20180079951896
9,43047334411787	7,7064061182015
3,14835103630078	0,843404705201813
5,78761448565053	5,0727826565328
6,68579136682715	4,26491401790177
9,89537605926701	5,64361670833744
3,4843683850552	0,948446952176636
9,67150604203302	6,14736366141302
9,79333506852109	5,7575810285395
10,255961518583	5,2550690045662
5,41464741687859	9,42600755459297
9,33762467446391	6,20692011588795
2,53678771584769	1,98129325364479
7,40575654842596	8,97507791183548
2,16296095109364	4,44106314078194
7,31746423184574	4,72752994777072
5,89182674519595	3,77747342292069
3,32531884377948	1,17834045212878
9,95538861245725	5,90755761154999
6,83608291093113	4,19625606728305
6,44035597191501	8,7701941237981
6,87235934451942	5,52963775349323
3,58619308246226	1,06936822793665
10,2765013430063	5,8723632231858
3,89369331941103	0,230422663202337
5,93721078179066	4,93837133512837
9,63664114579808	6,04877143561252
6,5290230322211	3,94019824420926
6,07462047367681	4,50105492116952
3,49747679009696	0,87578590715723
6,69686793406141	4,2957861601913
3,47179297308333	0,963174814160036
9,80478167027226	4,87209870917929
7,52432793208654	2,93206226624137
7,05174382793909	4,98195797061245
7,22715250646395	4,59947075839861
3,95721945651635	0,558246350704597
10,9432531439664	5,13545926849936
5,79663363386594	6,38354562223905
9,78207339115786	5,29070317948267
7,25260958752651	2,45744948240555
7,07175370113129	4,61444180591743
10,0204804424963	6,30819625177051
7,186100991698	4,15003978577274
6,90246921853643	4,38869956949301
5,27456511472954	-0,150686960127724
10,8100027367522	4,5622808353277
10,684290792864	3,22258450853428
3,77656508723815	0,124959866663033
9,94001333959585	4,62116504113524
9,4298613307294	6,33441872852203
9,73941995161373	5,13813471823607
4,152694291898	-0,509744176145156
3,28983323776171	1,12413963093602
9,38642866046243	5,80275117860447
4,36549828147327	-0,200279478445376
10,0565550133489	5,8713530983412
7,43902681979401	3,8428574621176
10,5086502671394	4,75810197313445
7,07931120908264	9,49492186106501
6,23510861820756	3,77153173222271
2,80320963714223	3,27010658168528
2,94319475959468	0,543548219392338
3,58369201333048	0,999783735296444
3,63230349165613	1,02727497273166
3,3725459868871	2,13789424156498
5,71121934560584	4,80039595511569
9,88772757780551	5,61451293939991
6,88677495304181	3,79804584539626
6,40564210327388	4,68323687526946
6,30949554875031	-1,12384685530595
6,53087099920666	3,33529896063798
10,0196449630463	6,03132031496689
7,06397760449084	4,1442836043311
10,0544387043095	5,48197163486516
7,62410679163511	-0,603365566998752
9,29316087304189	6,03605491865307
5,77030427677737	3,94501504414001
9,96316418924655	5,74081748898097
3,3399129964785	1,76548873432398
9,99533475191241	3,10456211571668
5,99624093118163	-1,13122343130856
2,17929846773022	5,23923173464597
3,34989003948941	1,76479333873855
9,43974806262153	5,33441943736275
3,3773237786024	1,33475381803385
9,94167564635451	5,82462184807474
3,98194935634851	0,935446829513859
7,35565131759111	3,76683525027945
10,2399682475775	1,85572408273974
7,43301910613338	3,55259153897153
3,53617793966208	1,44848306886897
10,0793706284068	6,05717496948439
6,74061975886846	4,40809534672424
10,8458344796916	3,66226402281014
10,0037380734609	5,7683958356348
7,76470323689455	2,69898461133412
10,1753702020251	6,63635509974423
6,6140241604875	4,21040177487033
4,04751317707277	-0,346073944266739
3,12493153261353	1,09309273548025
6,02747627051054	5,25372463553611
4,32001952837894	0,828245908737022
10,0134037858812	6,00372961934243
6,68343833056427	4,0623686477681
8,17316212037362	7,97593924807368
6,04936074414052	3,72819665428962
6,70276198596827	4,30579285539405
10,1955786870495	2,47140954697132
9,4469858529322	5,42780613268565
10,436968250405	4,98251356700307
10,6868935445728	5,82548201952278
8,9968778844758	6,47494326961807
3,50626870825393	1,94742560804614
9,6852264577918	5,37133686632842
9,82011772572648	6,00378153523113
5,7928665645605	4,65004319110108
7,41829076941925	3,04279972085816
10,0162642877407	5,85927287764032
2,98426925362011	1,11958783879194
6,93411971003628	5,41818992104708
7,12280451421902	3,73247511176933
5,87390175224161	5,26239330128334
7,30666320503523	7,91835526624417
6,66676800284704	3,13324267027259
10,5942182599266	5,3801133016269
5,70968347904171	5,89453747088956
9,26045632947656	6,68056246493047
7,09124860879272	4,61074064362609
6,4442647312225	4,51082746089322
6,23091259111032	2,74005227142987
9,72890713958972	7,31437218530239
3,70969646388337	0,973310102156036
9,9421789685925	5,98168187520509
3,56605321866643	2,4110744936159
9,59325528981084	0,713850533133251
10,0273430215036	5,95116381432404
9,9555373786523	5,87429169701349
4,4373730153857	0,789118448697246
3,48170489332412	0,897893252085127
10,1069670338954	5,46253522411877
6,70641593197874	4,14587978368356
9,93809724780919	5,98773615556579
3,11112866141321	1,61973784315983
7,22885632941675	3,46282582227499
3,73113332859343	1,10475860411838
6,85448567169139	3,31770836641202
7,12017138228907	4,40023661275662
3,64320573451124	1,02513411190596
7,98754249861233	8,54444150331352
3,45922636424319	1,0071257933151
3,35435387322369	1,52274035773693
6,89248539640268	4,25146449163579
10,5057678570374	5,34703846473491
9,89124664712782	6,19982593770689
6,12472083401426	6,17501735529508
11,0279113192918	2,90304067677139
9,44184471042854	7,80387743715708
2,36656862262686	4,31481723973006
3,18416644690957	0,419303199301874
9,86471641799872	5,54869197423998
3,03562651124954	0,451947976544095
7,28529253165106	4,52597574436925
8,83261337086524	7,31699071819339
10,2175575372198	3,7875667608778
2,65525783663275	2,46318453126803
3,64624550656221	1,86493116193828
2,38846002906175	2,23410806043006
6,20602700565683	3,97216011762198
6,79725616610444	4,38007683393516
4,05367998143975	0,824643881946414
10,0736790341975	6,09221239147029
6,45724893345443	4,70823814153033
8,63933023329749	7,09196893992261
3,51835928441039	0,946216996743286
3,72478745176091	0,983085045085192
6,97770390568753	4,25942841863611
3,50800400714296	0,967415968167836
10,7469061862444	3,93846329071583
10,6072146349748	5,92673199439393
9,45155416578521	6,02151008181153
6,11566617687378	3,48745491585118
3,35420104066741	0,944769572630104
6,30866392021174	4,09594166091588
6,12599049059833	5,25956071483417
10,152480785164	5,91474261020294
3,47842792307859	0,895324336927756
9,84465919151577	5,8518210155797
3,33658087733927	0,897631130107501
6,43108753222138	4,33504600352595
10,220814383949	1,33450224188916
10,1577705317779	6,30322267770135
9,79549639109011	4,77124642284768
5,43097915351168	-0,93030632245454
6,54672243910668	4,74490794848176
9,7430968817184	4,89286905152612
6,83122373945097	4,46402896581129
6,37909289142928	4,2643184554697
7,49278936050615	7,87532708908214
3,9510433003191	0,0629103766069339
7,40298523170031	4,28938470906276
4,46764568067106	0,569599666271537
6,55241218379954	5,46442437740597
3,54625163607476	1,13766887567957
9,34640419894211	0,809933954265849
6,1875819607879	4,26598488808066
10,1203108328295	5,92080880975917
3,25906752501672	1,08176161345492
9,92024364634086	5,95107553441553
3,71972243024063	0,697574307600838
3,50665979093137	0,700163149625309
9,00799449472455	6,47392637328317
6,63808704012832	3,8671880899369
2,59852914384412	3,86921023202533
7,67723999291726	2,48869309567594
6,10139337095273	5,81727244249385
10,0040739287022	6,70376089469218
3,44329024629981	0,912626496980966
9,69075475954573	1,48852159707138
3,00034868212825	1,68098368006854
3,06762969340154	1,49952925149346
10,6480597870969	5,24900035138726
2,64057663723742	4,14135748737636
3,86179310695342	-0,0136282367839297
3,81742214851972	0,515016761185432
10,1660694634672	6,79110467947717
6,58357695290554	4,31018092969366
5,50486764994537	4,59023007760209
5,55496327312226	-0,0593254869585336
9,94256498469401	5,85408784000004
7,27172032670552	4,09383126177074
9,86663190611159	6,24553854930305
10,4834195502531	4,78659833340826
9,76312691856741	4,29718203858043
6,08115448159627	8,73326814105861
10,0455845166678	5,65834350706709
10,0761566037813	6,00379988652646
10,5554286972791	4,52096449855064
4,86838271590252	-0,393823541613373
3,39141761310452	0,624140479566986
6,87179464822387	4,57388946029951
7,07160776392834	3,55868383160004
5,68952347903629	4,82394443161042
3,40004228302088	1,15221425980154
10,0293015138651	3,62498678411867
5,35814111051749	-0,0466864813027172
9,74571380539503	6,83274920948066
10,5177471892612	5,80277262711841
9,4302956468694	5,89333134991014
3,49436792818765	0,96748253823287
4,97618880851355	-0,392572026207591
6,28228060982768	5,89917874615659
10,3617087364213	5,27770056131803
6,45765474987912	3,91866901387259
6,79056362880607	5,31097265545379
6,92581469220192	4,13085340361657
7,75598675328711	-1,90092829384336
6,8663299679753	5,05419382048037
5,7494156661135	4,04171588313594
9,77979115677105	7,38244534144194
3,17932853842373	0,863954441587199
3,67783935547438	0,660043192410602
6,18267643815942	3,24350965440929
7,22902595346608	3,04501028169567
3,94491520198516	0,879664722233125
10,5279083798999	3,35021440139606
6,5414766463316	3,79677586354804
11,2049842239442	4,28294256599613
10,24570095184	5,78869386820483
10,0353676133875	5,36930396745472
7,23015451948618	3,56015583398075
6,24075121443546	4,06641977263366
6,95273904119767	5,85018781975516
9,59083681866294	5,64100765803269
3,16349465272989	1,09322863080154
8,70582243374	8,23147086429426
5,8653499382782	9,63911173024726
6,98908707956556	4,38702732870181
9,98404622909514	5,88269179957389
5,71859223740919	-1,03099938720863
9,76919822695401	5,50542122029109
6,57295841173192	5,14066351963435
10,1219602514074	5,8617619269341
9,84092151379714	7,26004247987427
4,32069196408173	0,0483430401820524
2,74214450325822	2,46930394501557
6,45521735604264	-1,64718090961278
3,48206720556504	1,44794830098484
10,2869230784041	6,49670402212983
4,51520382266595	-0,664692719641972
9,60214597391198	6,03937543218608
9,47262802319153	5,49391379100291
6,87498487199144	4,30475542745775
9,70696502644374	0,337977162720291
6,88596406696272	-1,49491452985669
3,63730015292596	1,30828477010394
10,6156779542688	5,90510657880487
6,77073540737658	4,30369068240434
6,08947113458303	5,30174567216194
6,64167546067356	4,56523346424858
6,56577776149383	4,30318149896038
3,19178717853333	0,699222680747259
9,96865358328232	5,79629797349793
7,12153876577256	5,33322166892759
11,0220278099377	2,53299812349046
10,3063036306787	5,10874578659428
7,64025439439155	3,35102025543425
6,6849027999346	4,26935040878819
6,65236774996687	4,72977199002935
7,78936953746528	2,74499978423955
7,43023096333875	4,64116949633823
6,20607080190596	4,68376768575786
9,89775337453063	7,08611763667663
8,44000721008002	8,19426031775387
9,98090334368905	5,67301761218559
6,68109142722705	5,73919122913589
4,24076351794308	-0,274754621700532
7,36130376829375	8,92088427356272
3,58371840939747	0,942967102259831
7,53792921904267	4,45845208212954
3,35197044189838	0,336974820253445
7,23351129471133	4,56475505043363
3,46315375060384	2,52545881563359
9,92527744676019	5,86948518563128
3,25153901460394	2,2645710827494
9,72375916027427	4,32288724758537
3,85292034337511	0,525222626359741
9,05749668731404	6,76488578660943
6,97628293246301	4,25047570848085
3,43141477253745	0,879268821732686
6,65271442118925	4,11108405712407
3,84479933994302	1,32053998469837
4,03102565576613	1,34933496570422
7,3481665351514	2,45698417479682
6,70749145611147	4,35024955349108
6,93658383046603	4,88966004444132
9,75685192409626	6,46963173762103
8,28646170774632	8,18401399011476
9,94362247268005	7,15557219627413
7,21763380095238	8,18530537914353
6,3507116807215	-1,0055218702356
6,61441707331421	4,2397581479804
9,7629559797509	5,45698550873798
3,51762057250646	1,33777765149286
6,71275157532854	4,35850361627784
3,8081130116584	0,635890225610529
3,63074030213322	1,97266857647926
11,1722457381667	3,89932631066261
9,02822964215319	6,01068964613189
3,45444238600524	-0,156758196522372
3,17257728540831	2,24447497509043
9,79587312692662	5,58835477639125
6,04592997644692	3,50818696482808
3,94855651171584	0,321655950533559
4,66891457860464	-0,937191410310066
9,251145376782	0,431043750381905
2,86923177215338	4,82965245455504
6,57679592774329	4,67645473082316
10,4365823799293	4,95270925777381
6,53362617694944	4,23609807274724
3,51112995398641	0,266803816053554
5,69182823198163	4,43948389994545
10,0170390274946	4,30133070636381
6,507680779361	2,89417355045767
2,50848838700899	1,46293092341989
5,00530700676647	-0,787823174116253
6,15434708883797	4,23999713007632
3,04064043508303	3,33610744892485
5,09668303393718	4,96327094474841
9,91830528814972	5,55146963863739
6,87235259664415	4,33886024892781
9,58906945416745	5,22737461091005
3,71058688443632	0,8818603928005
6,79505280527672	4,32559367268355
3,33406836409555	4,36145867014205
6,5628385203778	5,73395991918974
3,6609672360449	0,720021113822705
3,67684259768525	1,15652320745862
4,08151298068157	0,976287349706082
3,4610041156674	0,953873487580013
6,16403235958528	3,93551803849138
9,76598984748323	6,03774407295813
10,3458494014999	1,33883864830058
5,30677008846592	4,90421596085847
7,77180372043797	8,14071271897698
7,48386937925927	4,50457428231022
10,1960651330639	6,04914590337892
9,32004916564455	8,08339423864648
9,78455641731785	6,40130196348977
6,16637508761687	-0,612270547620747
6,29703735724701	6,10867489399783
2,11491848949789	2,43880775263762
6,97966641208219	4,72571980675643
5,85351169269497	9,22757851442911
3,75596654249688	0,759917101788867
10,0214392506359	5,71939017135597
3,43846810329913	0,801188842411716
2,79648583264299	1,09891311098186
3,24980636839633	0,595900363212078
9,98911888188194	5,85200991512118
6,43552461652951	5,43187337473875
2,14530794306999	2,92463356648916
3,17587395158777	0,732256948130896
6,13059356494719	4,14053318071865
3,40988676124256	1,35651095531374
5,21139752732016	4,87417783076477
10,0917231629966	5,86178979348214
9,51309256467106	5,75248191798843
5,77019013332581	4,39078708080057
9,82334679903956	1,32729242377709
6,62682377319177	4,21694976684672
4,81661135333688	0,268874536422009
3,92419044437219	-0,273347910676772
3,12892458523139	0,473152237032829
7,1480874105901	8,45422163169445
3,45648573991642	0,95480293030901
4,32694343868273	0,606442479155764
3,49102838301874	0,949255019380029
10,3127803771421	5,25245649009354
5,65760090471106	4,45600892965178
7,2505006521675	3,3316823845335
3,88659510690323	0,385555803121426
5,94776115623641	4,51537567983513
9,6667318813823	4,84311617033362
7,62033122692633	2,70657784372879
10,0432017974891	0,669877234458354
6,42597036740939	5,67134651565287
3,61468224168132	1,01153496188142
10,4477819035603	5,88675351290903
10,3084723665553	5,70560589966954
3,30568123515493	1,7281828221949
5,86276371196179	4,2402219523512
10,82057920824	5,50922853781336
3,44988641423846	0,813651508457216
3,84877853421798	0,446131697923917
3,88163185816673	1,29687871696931
5,66238729135822	-0,394365142316671
6,73849082535144	4,51106597364198
9,4413335754525	7,36390580196909
9,10469359037132	7,08903695205999
3,14303365980434	1,23051394617264
6,63229340342652	-0,770159750909106
4,6384051301554	-0,0470885437813466
7,90573989981228	8,37744406950516
6,68239431248105	4,53847607372126
6,50200739777163	5,15102665148265
5,40280870301752	4,69311446275703
6,90784798933317	5,55057086513605
6,48652505567557	3,94315535409602
3,88528092785985	0,65369372966997
10,3404459391414	5,01857791129496
2,64128734009993	4,10439632883422
9,68430119745263	5,69399318426925
6,79507617793243	3,47210822933317
9,97864350173789	5,4610625712516
5,05824520551244	0,382187544519469
9,48369904675514	5,13999213467533
7,49011907827995	8,5191799282199
4,33747838020697	0,830152195110604
4,64757132270309	0,0377660082214455
11,1145834832231	3,79272796352178
6,22933570505861	5,26487062217887
3,63120384163347	0,994157653155323
7,32335491678368	5,29452255670785
3,24177284469454	1,74538564645614
7,13895248382508	4,33927913514212
10,0923885531674	5,06602510936867
7,12710167679534	-0,702363549082258
2,51450169820133	3,98222782700715
6,42854726771086	5,38204162537702
3,1321422123813	0,996157174708117
4,05254015851266	1,2310195757652
6,41474700435151	-0,692020002944434
9,9478586636666	7,19594559629856
9,20035540513482	6,87492956311561
6,35642074591921	-0,86396918806198
9,14853970101852	7,29327662055136
10,1101750912459	5,32569190431913
6,80624445901375	-1,39407780960978
8,02491182684008	8,57900938315699
9,19050394574285	7,76330137807345
4,71533136306505	0,348219990888378
6,99502095992277	5,38277776203125
8,64768796687584	7,34125246039497
10,6597529912251	3,75466152105651
6,8403751641923	4,05559151888424
6,63858419990835	3,56667559883838
8,87619553370474	8,36395656915749
7,41331736931162	-0,486614813184442
6,95273999469033	4,91414145981877
10,6864178187767	5,27527638174899
6,78567603499895	-1,54809795653251
6,44245220108889	4,42416440253587
8,19225710479424	8,72286841185886
10,189796231708	6,30982953870447
3,61886993645828	1,1643293999756
4,27912634893898	-0,0824162577271632
3,51110422744335	-0,0469086806222202
3,72518768844817	1,39712235094465
3,67117909438137	0,983950348492628
10,0435030903437	5,76884176306907
7,68103978362681	-1,74795939826815
6,51506860171563	4,37117410001198
3,13375752685617	1,53895993955775
6,71873967194113	3,06220770622627
9,985528128606	5,09667509913588
3,76095643901291	1,92950091529288
7,18303961815611	4,52645018913909
10,4035633632671	5,19658852864197
3,26045147665072	0,627342784723762
3,65816710520293	1,91900017865945
9,67154775335863	6,92561522855125
9,96865168800757	6,28011511656625
3,1744102939762	1,85634619647123
6,49519638856489	9,24445216020335
10,7629670733473	5,62007715046581
3,50500186320892	0,634458842912303
2,91432939520808	1,99758328598375
3,57179102767212	1,71117709051888
3,25287042169881	3,4478287057633
3,11057843428289	0,829263402488703
11,123070858323	3,05293913351818
3,58966146559011	1,0110491676683
3,9047920888823	1,27565113558516
9,41237230304383	7,19075551125999
3,2442507373227	1,06877151773172
5,63645677818615	5,07182092102441
2,92880522197621	1,83144019438156
2,97699942396124	0,572356397015302
7,34204249677282	4,35444166323942
6,22270339712798	4,66119750670623
8,90797401305863	8,18309278135829
5,79623693624179	8,79700710468122
2,84695208935556	1,92784944297465
10,1586015040223	5,72119316335195
7,50149886698214	8,2694929268399
6,09755063551704	4,92050837239604
6,56906548041414	4,32650757349658
2,59953803655331	3,2257935911418
6,19794308923232	-0,914076030479361
7,32876723073666	3,54401827860171
2,68376918743257	5,60302959379358
3,8416852447157	0,436627597647537
7,45591286265259	4,60157968194724
6,42631984873059	4,31099203321754
10,2003963524818	6,3012042145145
10,2543332763938	6,59322420430095
6,64781117043612	3,9081696990314
9,12535604193	6,09299827815385
9,53096091428257	5,79236956169984
9,90432048106381	5,17537426848161
10,1010430053638	5,21897878396122
6,33473297336361	3,98979014036368
9,62035703672445	5,56274149204722
3,55060687721103	0,397001106970138
6,03726374332189	-1,07308569203515
7,15444406044413	4,95685725970153
7,75971259398852	-1,35603433761496
7,59083224754557	3,95925305835124
9,96800738042881	6,07726299706049
10,8612847888408	4,65229386852342
9,92994819032859	5,00199203051491
3,78907393940079	0,250281883205401
4,28999435410379	0,8139649812992
6,37833692713782	4,45768900929547
7,35893442134701	3,58596674436813
7,54991458451565	2,42083228068115
2,95756696389755	2,7946844601023
10,1269605544668	5,89579621649386
10,0664580604883	0,951178045046756
9,63703492689558	1,21125199532957
9,52471196800052	5,83353636134464
6,56496846063879	4,31925443863684
3,62671272147325	1,24371800327676
7,02660373498843	3,80146589370792
10,0829831493116	6,02131115833561
6,11884282226907	5,02405443735789
9,48043074562188	5,51831354444609
6,6130087457727	4,39676072960718
3,73807790652563	1,32759811407677
9,90826422788624	5,86387864611408
3,59524029309293	0,623812437496738
4,82409991371121	-1,18772046285544
10,5668516853611	6,0935432646951
2,87884629847426	1,23851073695616
3,26168943213549	0,340598169706341
2,75636011992594	0,857526457853345
3,62165289721783	0,695121212951848
2,87603792297362	0,93419510988703
10,2776086815602	5,40488645988482
2,72729137847972	4,86171446405569
2,78232490763786	1,27227304184542
10,3714116839255	6,46180314955249
10,2848671921809	5,93579687528502
10,2463904301017	5,73743998067576
6,96037637406653	4,80382048514047
5,45247605903795	5,52888656717896
5,16783405915342	-0,423523655979437
2,37062795135633	2,50493925393836
3,49075654639957	0,943137630322621
5,07768044347487	-0,42709657656146
9,6861270343231	7,50009981620425
3,58769967042723	0,643403654594763
10,1860088573037	3,19739995554074
9,06073309764794	6,7194999864835
6,571220953273	4,55606845364686
9,05410269235267	7,39483122156226
6,23726581635517	3,72825552496632
3,52746764278854	0,879598480110915
9,35283177357158	5,38551962494379
3,14428722456946	0,278906003566994
10,6864223613004	5,40395438072449
6,81927939274609	4,05610600338265
9,60352612686626	4,88701038733814
7,46292890344416	2,75430833674532
2,40853293939383	2,85053634138064
6,64423348708032	4,24533137175933
10,0082597455308	2,18520258598291
9,31054413301687	5,51437942332355
3,85353581815359	0,291824642830128
10,3977455646186	6,21038241004
3,56129377514089	5,30063985378938
9,26666067615919	5,60772407598286
9,96656597478734	5,65773038180252
6,61684133980001	9,22683763885283
6,17316329890097	5,21112738494663
9,25355542608036	6,07679963708724
2,36265475215595	2,89583028362907
6,44092249141234	4,7627262628127
4,18605828587539	-0,237889805266102
7,56019254382569	8,95509215547628
6,78463641885403	4,14948771406646
6,47066638164226	4,15236090940019
3,75966242583675	1,43752750944663
10,2746615108753	4,57212915721972
7,20729355763798	5,33537500696353
3,22808062203217	1,12775838365588
5,79380003366221	4,00912699221522
9,93765947311101	5,5105938577567
3,18151745990246	2,23863659566248
6,62592064985442	4,52161811980299
9,75332626080491	0,38307905537588
6,60025416403954	-0,428902940656778
2,92647508195963	2,01467089970236
6,50010186761163	4,2541551156613
3,53954589650464	1,05783075638282
2,736545837873	1,53327884396668
6,59691608838258	4,02492768315431
10,8129113206989	4,95520770069018
5,91653384345251	6,4895510814105
6,92770947058339	4,15227346453883
5,9153826197992	4,7479372820168
10,1092243998917	5,50582835657141
5,92622422487073	5,7642585924701
10,0776124685736	5,98514294624666
3,39397618994193	0,994811888960477
3,10134633268744	3,52657970519757
4,04761241298077	0,819565392494648
6,90767741816623	9,61684849549925
3,60103816518137	1,26985334644375
9,09568349071615	7,43753856214457
6,23549799155625	4,29662198497128
10,1727313561751	2,118652647261
6,80372788252567	4,31710910240051
6,96010471868229	8,35118534284445
9,86268063347074	5,56804971445138
3,20110598967761	1,56320338308531
5,99887459174658	4,69957876336245
3,78359375429311	0,451213739868024
6,09239923826879	3,64907062430451
9,97853580609864	2,18621286328595
2,73944883147109	0,771269416509906
6,69843206109343	4,31793264787948
6,99291313137946	8,11539902931216
6,90406174060972	4,35106946996643
3,41517149259854	5,52190655533406
10,0892080748595	4,10449915898906
6,60881402064945	5,56300442191037
3,10573103076467	1,40509228482055
10,3346651628115	6,54819904164878
3,48528210433154	0,512790162562331
2,04175911037857	3,8601155122418
5,54047899777175	9,76554954570458
3,56834583360349	0,697953194006456
10,4149058281674	2,16680454040355
4,15742082699527	0,222327932440562
9,52148253493492	5,55168168106841
7,67054847961901	3,60089771142263
10,8559365118223	3,29398016271887
10,0370532729829	5,90588927788475
7,28974502580753	3,18005248281169
3,49237072587063	1,75044374627885
10,7922944014155	2,47422180357011
10,2429752237759	5,95514379003672
8,79040630502083	7,04547997077526
9,94355051341848	5,38590690723683
9,85380070863908	5,82287627792434
10,1807158704164	5,02042979727096
9,49157183442297	6,61929529222801
6,77055059263592	4,24537478638624
6,70867705352183	4,38451141901202
3,50012136536099	0,538082511524712
6,97484581778023	4,74139373004144
6,93912395345484	4,3623490094559
6,50971594785523	3,69237841868806
3,33321919078983	0,902215422597946
3,42684653868636	0,871861034577948
3,23335803304711	1,12515935481672
9,89758951925761	6,03521487557339
10,0325733709738	7,01204037905613
8,83716949409804	6,41031640405112
9,23907947491887	8,09528475903605
2,85585769879576	1,42857336119419
3,33276282699021	1,13462700229131
2,90706993188048	3,59957282532887
8,87680601693028	8,29355895586725
9,62609979032872	6,1400497932492
3,13243398882662	1,02634018186152
2,43680805137086	1,30357720540822
4,1933161624938	-0,143176745720642
5,74748965667208	4,64180045394963
6,59162045178476	5,43774629575082
10,091752099305	4,97610357688792
7,75663473467993	-1,26746870909903
6,11024333405064	5,97816747308167
6,90260105478586	3,99989306369731
6,57022557174162	4,24870702256245
3,3670411532448	0,932262856123888
10,9427036596791	4,54348778763435
2,38018354245757	5,74352554207554
3,69462932239773	1,06537766471015
10,2455158929905	5,12012878496413
9,94280707429823	6,65103564549131
2,55420538498123	5,36217694301308
6,70198799752113	3,53694069357227
3,48382593311929	0,170486712770483
6,98243700910174	3,70442768201161
4,50447810425954	0,472777994896301
2,72489329452192	3,93951692781036
6,36315403978617	3,72316232944105
6,26394279266034	3,21938038992137
7,76690152274649	3,54005928719654
6,23129847361616	3,5411369447228
2,96082908956371	0,529615337140206
4,457995260158	0,551134444749438
5,39465806193867	-1,23375978071256
10,1201428505459	6,06487935969729
3,1296552455226	1,36268631777908
6,71876352932901	5,39237377231435
6,68647540885015	5,06274524691415
3,88530151818006	0,036001954556147
3,44133687896338	1,08254253743118
5,9094805905629	3,23242142544028
6,79774775433365	4,72529032187817
6,7917610552414	4,37231636701055
5,81185536800845	-1,26237160403541
9,94410440836619	5,88402131970882
10,0390296666882	6,5459354400222
3,12375639129862	0,961550448083525
8,40653088393576	7,63349512234651
5,73696667372417	-0,46901972767656
2,93236763824136	3,17207817930085
6,42817456955721	4,6531376095724
3,52635624388321	1,03145587860016
10,1614827863743	6,74408443320367
5,81557565895203	4,1537232265786
7,63833646494687	3,05401752714163
9,80043728963696	4,68800917374344
6,17441179073072	4,07105551122402
6,93845338297652	4,43974076963756
5,51084060078686	4,80757858999945
3,25924228152134	0,260084018611569
9,69905010736107	5,51845293925773
7,13967615722841	4,3976335558013
4,11814078062596	0,616966731701968
7,13574954044699	9,22993995475971
6,6896117953907	4,24619983582371
3,88461804459581	1,114019471814
9,90025685852691	0,271909180022044
6,51477630546703	3,84197191902416
10,1926008387765	5,48111908360261
5,71702907656533	5,19230426712232
4,25220762111417	1,07381985771136
10,131072458865	6,39221008005092
6,23060583835787	-0,658076086172245
7,01373904611318	3,38598444533351
4,27761209469111	0,892443480820464
5,50547402730141	4,82626273365801
3,76898964371043	1,5543929763911
10,2793737603067	6,15461621345031
5,01464224396924	-1,28011404954185
4,36233501933822	-0,569668904427219
2,78151225448062	1,55411088012102
6,88280699391375	-1,43941833931673
6,69080614788101	5,20859109819676
6,53250539193351	-1,11459567055674
6,75681600454575	4,57483554238204
3,02773512685606	1,88785159337584
7,15958091407366	5,40871834175073
3,76387366040616	0,215039024914639
7,29583209665832	4,7152903489067
10,395633601914	3,71098627189765
7,25513265534056	4,22911217634606
2,77970066629828	1,04191606507182
3,07185504218662	0,927795906404596
10,1900598789563	4,75668039934553
4,59553202948176	0,0351899033699021
6,04658953065618	4,48735897418901
6,68306936279369	4,76972653912318
6,44947322506216	2,88228252157491
9,69290658669152	5,41413439914547
8,81198102713322	7,55399336880841
6,79590972355963	9,41740739182526
10,8761165620627	5,2504266927496
9,69325203562032	5,61207427419688
10,5260683579772	2,73657840331604
9,79150285181949	5,71567506168555
3,41804007402498	0,940003085921061
3,50127479678501	0,836314137676793
6,61547751830147	5,58278759179941
9,93863674543813	5,87649645345257
9,38856119191273	5,95432035621128
4,52040377513323	0,635686934573848
9,03975002425803	6,05669031245877
2,961398759068	4,04685407253386
3,90723150907436	1,63021400620219
5,07351609932812	0,176505431680017
8,90129355326813	6,62159393248447
3,52949658273749	1,90108227518436
10,3593342368691	5,16680703071757
10,0166082907512	6,02561369578645
6,58903083429018	3,63879556186116
9,81938183653745	4,47002636573197
7,63079167835475	8,14166220654111
3,48857099199143	0,944949004284472
10,5841815604007	3,72230668319594
7,41550573590485	8,2737867175372
6,64062878135908	4,273337480182
7,30100675319728	3,72387291930564
2,90030712958316	1,99858620075807
10,7110083141393	5,59690171090329
10,8080391159618	4,85718990713862
6,60025913389938	3,95779998994754
6,82443820566389	4,54603587668262
3,07441385927193	0,973494663384621
10,2090521662574	5,94006513529377
5,44494240857193	5,5462005681384
6,77057389489139	5,55447486684412
7,74275285775908	3,58657246724384
4,15420656395341	0,322869510633806
9,96290393824442	5,88705576033762
8,98402365357906	7,12856127480952
10,4231813317483	5,02819217869886
6,50937811832341	4,45098216937528
9,71264469595574	6,91104193735378
7,67661016360604	7,85458609633421
10,4110534901601	5,14704264938577
9,3494246277514	5,93316973294225
2,7251540393217	0,967331191587556
6,16928833621726	4,07826218246971
6,62900411262522	4,29095937242429
3,78973710301445	1,81157750533275
3,8151761959525	0,447060440998818
7,31565172159384	3,53108309675026
6,04844765433677	-0,614318868512108
6,23140480618957	-1,2747531647786
9,65579745577972	5,83172504349011
6,46171111677335	3,77787570435831
6,72749990328161	-0,434224126895559
10,3570944729242	2,54043584174385
10,1353213627932	4,31864638117914
10,0898303651558	2,52044188529355
6,78102702923177	4,48025686270912
10,0267135401287	5,87206478885219
3,46052103154313	0,935151669329871
6,71907949035345	-1,64260052327453
6,52441578787385	2,52836677083194
4,12761437786168	0,477246764325409
9,03915441162641	7,34766451776272
7,48407386551662	5,00129296271062
3,52659020702839	1,42732094493658
6,2035986760086	4,18772101857924
5,91689499979422	3,64146930656969
5,97308992018685	5,58089621974891
8,60388330693946	7,38036199878005
3,25599482505085	1,1881349127418
4,22782318735345	1,21463929602123
3,50626795646551	0,936081163980637
7,57654970745917	4,08010342980565
6,51716493553616	4,3370185954963
7,2133893685724	4,62298022583718
7,30757307916861	4,17208384611217
3,45025941700373	2,71150539003584
10,3507321831071	6,04010775544919
3,24750318731771	1,01682142555664
3,0360742683191	3,37124370063111
9,34563565712837	5,62261088002728
5,27687481644547	-0,910961648477507
10,4437144690475	6,15349026607141
6,38717009257086	3,75463018737902
6,07961197724135	10,0553297031411
3,52006338930091	1,70791523439777
7,26406372041062	4,39846883478226
9,93538398088544	5,78284052214579
10,2809284119095	4,84297069370546
7,32732828909543	4,35135636313732
6,6709267591877	4,6076756977308
6,48780416512345	4,49800543743158
6,34957348554083	3,77127698343557
4,68850935079899	0,259118758102841
6,69309379581198	4,31585565441272
9,81496745351057	1,3696446666129
7,30113976897024	2,81908079979647
10,8811952444341	5,26287657895538
2,5237725402089	1,50724471885274
5,73437859690033	4,23423773408787
9,83139095986019	3,17475415372801
7,24802904880954	2,88070418608352
6,40300798757186	4,11816913497943
6,19739581673181	4,63564935575846
5,46255120679021	-0,270971687414747
7,7075740563358	3,96534711663941
10,177106154382	6,248718123873
10,3777622413816	4,58780515859317
3,48858962668982	0,7064395158227
9,74450377646969	5,24255530577973
5,24530928745597	4,95949938536408
2,71652654347839	2,97466274837378
6,79652500428386	4,25062268884065
3,85135782116486	1,01556640802584
3,20409368293707	1,27153337169157
3,72126977756591	1,0328223539023
9,8624426798465	5,23446232719615
6,54565345350879	4,37116975088086
8,50229852176299	8,05782440168011
3,11598590766018	0,927290586514884
6,37872945366278	4,36261655989905
10,1546326778124	5,8917920861959
9,82147496469277	2,653219793365
3,44698497694986	0,366382508550662
2,924273374879	1,6137666495627
6,00944046380645	3,99539141452677
6,84815510282649	4,24753002311523
6,69568055081293	4,2196928542878
7,3493530556663	4,09734268934647
9,93320870175727	5,88936873546625
7,1828137168909	3,53404099173415
10,8444449609104	0,607849649721615
9,29071133928209	5,81378714556524
2,12498690295554	3,39194702872937
3,4218971334813	0,675905409584145
7,76461899824858	7,5733173839357
4,07260660524532	-0,410184763204767
5,66536596047548	5,40241838893648
6,71880569380021	4,66376162502333
5,26104457248865	0,0740170426473745
3,31821414878719	1,43905178368707
6,94579697970919	5,39902614340775
2,95486549452432	0,809833972898459
6,40034996897689	-0,93664243567483
7,70436101048999	2,97838785156312
6,33573611645841	4,33492919889893
2,60035186405675	4,0770032022566
10,4497973236791	6,08872707334953
2,96805188394496	0,767613948643313
8,73040784471751	7,60772448856013
3,39404435445206	1,0668328279931
5,76487122667726	3,99809566948367
9,9952943865668	0,899302298975286
6,01976139203208	3,12461824958064
10,2022710415504	3,88081790858181
3,78456429560287	0,426342410286718
6,63274213986931	4,01744691453502
6,8624463552063	4,52421628567929
3,3185014164504	0,633263292228116
9,9083837684192	6,31697603041887
5,02610015937355	-0,382472437333373
5,36068997597983	4,89504588447581
6,72507708363223	4,95590026114182
2,05162224478469	4,26032622788367
3,57190993112669	0,765760005046868
3,06200250281255	0,886558832340838
9,93655615936953	5,88314485779634
6,9973331272047	3,13611696756359
3,71461054293488	1,04962660152343
10,2414321118834	4,05295236050189
6,09941365641293	4,52369925506966
10,5476152679699	4,74651803327332
2,47862277534938	4,60629278493112
4,68206023003195	-0,341579413921466
7,57727327711821	3,94547460268986
1,84917749237698	3,53841053439544
6,15123507904529	2,60323697199228
4,65812209292696	-0,609662457504564
5,83451117595598	-1,02580166536116
5,81518477171673	2,75484463427427
3,71435724447679	0,327651995006758
2,68727017006579	1,01715865530729
10,9358243465866	3,95268335059054
10,6016915262237	1,74239032009521
9,52823420117901	0,909960934693612
9,62170031820481	5,77682411504982
9,69038129106053	5,68533683905012
2,91916638940393	1,05081161300559
5,76511297333463	4,07723705740912
6,24869722400476	4,83315683092008
5,74378274000009	4,08294138180325
6,76505692875977	4,73458053165156
2,24095754925202	3,11748640197447
3,68314424678856	1,02784078858294
5,81522191705663	5,96229116607718
6,7863638187223	4,42896727116616
9,20607886462611	7,23690248012212
6,18166682243743	-0,811510516053262
5,97202771673205	4,86842245227945
10,210217517189	2,20237117309469
9,1070805310809	6,36078527627473
2,81972738690847	1,68105578080759
3,54276430206953	0,58713916621621
5,40941851836432	0,0390831961912936
6,07537444173328	3,53154617933773
10,3889587876488	3,64798049701635
3,79921256467481	0,672878953435888
4,3053011911416	0,0408169821494169
7,1524112035536	3,97142764574175
6,70860347130568	4,25270100290924
9,77451438972024	5,68752276705883
5,84289764657594	9,24557449360833
7,10824918986256	4,04268394364542
6,51384796034539	4,69264740490172
7,54811741977566	3,19207603678659
5,99289661674784	3,79701222912949
6,55402241447136	4,04501494483419
6,52555828387471	4,24594556813491
2,87691356448517	0,544702405065651
4,55618111593786	-0,984009898949042
2,41599653067363	4,31612569771981
6,08479992757698	3,61575933764245
10,158698450015	5,82605412778476
10,5609388993168	5,87805311185166
10,7559035926874	3,3493707728025
5,81241402170105	5,42795777503933
3,1312434028207	0,396889077758224
6,09596669976392	9,65560176564674
2,77440682029103	5,17798661495134
9,94886591982528	5,63223094736055
4,65595737390631	0,325741098488743
10,4287597818133	5,73694903666623
6,41285755736264	4,4449361491647
6,18949730187602	2,6448613259019
10,3647334230779	5,78966969244624
7,22070412564532	3,58570564441893
3,28812595898435	1,63562371491864
4,71901572153965	-0,266459928355424
8,19251930126472	7,36274007496754
3,60911657943243	0,340883146370953
2,49240973037065	2,98087439893624
4,36964578287152	0,660685778557547
3,96182611322935	-0,173528584465638
2,96009497379379	1,32348209973498
7,7528012132962	9,02134173945401
6,18327266471172	4,29340488460306
6,69650271778779	4,42273503941631
6,89488466428693	4,82539441584193
9,77035164881276	7,40593970083952
7,14892160795921	3,68552809107129
3,09606857895169	3,11550908275748
9,45972068412827	6,89321213477139
6,39824144394706	3,37172586899797
9,08736267330593	5,94127168156927
5,87529139826065	4,50404079412948
3,42473269163229	1,0795336094903
9,86310714795337	0,254260209087911
4,59435500493089	0,610947963430077
9,87453936478426	5,77804209890251
6,7197431376976	4,49025001585889
3,59002375896189	1,05616360882503
10,3482255706197	6,19181229453144
7,30021416529168	3,65231143710334
10,0537520564417	5,89654023938413
5,98813452668038	3,82981313229089
5,69895135779257	5,71167233206229
9,97625779025275	5,74855561464882
4,06649588533235	-0,141565503189635
9,81735411710614	5,44870315937624
6,6892465030867	4,29864493246316
10,3198332570687	3,06146027639419
4,15417732217813	1,0931604060422
6,75891849382481	4,58291728962868
7,40148528753468	4,21136137611097
3,10414369371595	2,1913917678371
3,48205398098134	0,9599429848229
4,61351168253719	0,154631574722562
9,83924886665124	2,74089482011716
4,16565008224861	1,18775399936154
6,70368246849019	4,31830088420085
6,43902465600624	5,66884621819502
3,53993034222525	0,805434137906825
6,70346102952912	4,30296149302931
9,58789197199081	7,08107347754484
3,45054934615208	0,94608251926714
9,92902327884166	6,42192526043393
10,3362365694183	5,96679553499005
10,2653137448879	5,9363600605222
8,48690286560511	7,13603111355307
3,56748452654534	0,809965595145938
3,3006861150959	1,24344334471961
3,26937089595793	3,66895350884255
4,18815623051391	0,949884568365342
3,34880917343337	1,164561475983
3,38408905137749	0,947004069146346
10,1484793302784	6,1546202256141
5,25138992374801	-0,678440532594027
8,85935196158366	6,93088056602921
6,58454464484526	4,38443941981786
6,69256159365463	4,35240924918926
9,86524695282288	6,66191601594883
6,68085123168439	-0,832514000469953
6,87409719544342	5,0781183834005
6,10986957120496	4,2815257983469
3,67501474980836	1,01864262262911
2,85390326013353	2,65152053526747
6,72065207353272	4,42291478729144
7,21243667824103	4,41466159040698
5,57775831093396	-1,48373796101267
6,58200635926111	6,00447439826674
3,77871727928841	-0,297839297977796
6,58231412572269	4,32750893692273
7,62652365383743	4,18414133364853
6,43629184872169	5,08087975746615
9,43789478582462	6,24122998125695
4,21695951496237	0,398200155931667
7,09975648965044	9,05684532407898
2,57655390968178	1,13677452846184
6,52665743459919	4,28246097142109
2,23620375013357	2,03924567228397
9,84859622770139	2,79590844203173
4,03276378651471	0,872813561347399
6,94476351098315	3,71553282260682
7,44900549792908	4,89091408760119
5,75659856909676	-1,59098501700609
10,924216076771	2,03326412130208
9,90263581182696	5,81375972903215
10,9553243832651	4,13002854582564
9,96683589829309	5,95833864065603
6,59047497072247	3,51246459563534
9,79126741639167	4,73959839439173
4,25176698123429	0,73892558600142
10,3567221012723	5,92226840265112
6,01055422390501	3,33962720446697
6,96051558579983	3,98971246060389
6,00709847072743	4,69823536205101
10,0293556946188	4,83847143508177
10,1062343477247	5,54894869285479
5,98036513887384	4,49730934159014
3,68912150703839	1,05059446992012
6,47732592648099	5,40625971050224
4,06405613021328	0,774719504898246
10,5988005482913	5,42572409518581
9,8654971245932	5,88279094046894
3,28760533549507	3,82435027098335
4,08302430183962	1,15181069731139
3,26103031232208	0,766609400546116
9,9500349360514	5,86302251344018
3,562660158417	0,884540333436775
7,76299978030104	2,47043505435629
3,75924193364866	1,67254822765569
10,1044930707672	4,62701429831864
3,13356385014865	1,68026524002351
9,55632608748653	6,04597380630849
3,51659822748071	5,20664605155048
9,47287879934793	5,62760311270534
7,16341807773466	4,67248071477606
4,7013321407001	-0,0306386592246366
9,32189484058516	5,68658190838351
10,3237659504881	5,35812648593355
10,1242023601433	5,8780259087354
6,54256361906894	4,81171313115782
9,6130326471665	5,92884920786459
8,85340820926347	7,65975284056175
2,26318720540569	3,63111440123218
5,35946493711759	5,17750949122885
6,84268336834727	4,00151774317221
6,64733956380402	4,21633015898528
6,77708152105536	3,07102345576253
6,71508611387204	5,06110724234539
8,88204556596835	8,32908324503231
10,1698115191764	4,79636259852048
6,96758678300151	4,0256214997816
2,05771461192967	2,81938638573286
6,76317734691373	3,81354831157536
4,1593840662392	0,465735192603299
8,23988810977049	7,68378705378348
9,80796826351466	6,00511530747798
9,08523725170023	6,01722556223813
3,23027004973579	1,17752295787461
10,2702842223853	5,35953011384627
10,3152867385101	6,40151714437512
6,88224546600106	4,42317880445345
4,02528613308521	1,17392649801397
6,70006715480827	4,30878094472561
5,4711117423583	5,48754707184145
3,65198961366908	-0,292524476401652
5,65876849613674	5,00131645694177
4,36256806757786	0,760337678190211
7,463527179679	3,22401466829369
9,65715181456669	6,29762995599865
3,34057005080233	0,446566310410674
2,98047513554908	3,61934898641457
6,80285286532145	9,22129458481848
3,38100408431602	1,70655257899632
6,87845748045397	4,07646800978089
2,63420770322706	3,10166736458734
6,69070223258306	4,23606002054703
10,725697279114	5,28958048926886
6,9652401739103	4,81827902536276
3,55118605170295	2,01558400101305
9,95983977235569	5,743655982273
3,36207091876504	0,617150886545491
4,06662871297622	0,962049976265055
3,6390333915668	1,48866232962468
3,0522263893737	3,23358515356752
6,64202468362178	5,33770554708561
6,49805255492667	4,49465195915508
5,85738361439816	4,5597406114182
6,11169583932609	3,24761494982779
5,38741862951349	5,41854278502439
8,41513385599643	7,64487351769394
7,91525663507039	8,19273514202704
3,64220364318924	1,08943925902663
6,13966270975169	3,80944390692699
3,25631198306713	0,38241601951761
7,08513884828652	3,24754219662621
6,66159481193139	9,70049488264978
2,65851658042724	4,51588995719136
3,41675841720902	0,905906149144174
9,93768714670244	3,64271550103939
10,0100337912533	3,74914569995753
3,88183727377122	1,43189521004036
9,47483067693419	5,41548509560851
10,1754804072211	5,74578553948651
9,51154973696327	6,64790980756441
7,0868067724863	3,2025631324876
5,94637091044496	3,92634833815531
2,02054685289327	3,74118759330268
6,33893341390485	3,8265388898263
7,30525200539301	2,21029723160937
3,55163361263071	2,1867593746362
9,98697988796029	6,88759925624358
6,6581555396616	9,61165866418338
10,0761411090657	5,98225316329163
3,48618036046891	1,66555019193065
3,9569166031509	0,168254668165593
10,0928851528347	3,10414597610523
7,2633408480457	3,34155282618449
3,60889020394302	0,775424879802317
3,50974181214149	0,949497187651606
5,87953174616532	4,13316550499355
5,41293997759776	5,40747613675814
6,11461065576952	6,23589463344401
10,1435129186747	5,11255268931863
3,63466830912953	1,50514146346029
6,58649295273714	5,34909734005461
9,27655995898414	6,21537556166941
6,60419608694705	3,2962101115488
5,65463417050468	6,04628601932013
10,2997460463616	5,21864566778852
3,88302334759588	0,718336852603781
6,38672142481745	-0,291621097645129
6,50424855339082	4,41554328820704
9,85065113374567	6,74914076074052
10,6615560605808	3,84332055031728
7,49559284460669	3,3795326416295
3,94735233144406	1,37541111913847
6,66392073366469	4,62912576656621
3,42991093260626	1,67957122393234
10,0392469609469	6,11813674295333
10,2597563399011	5,47698478094072
9,82738018985382	5,70550997390446
10,1911257490643	5,75668932887094
3,51346323756148	-0,0347842001534781
9,88196031648205	5,94156201891009
10,0074525404647	5,64367601861071
6,9437373114007	3,4828202167552
7,21470817760451	5,22042302491593
3,06474704989825	5,43065968143865
6,71162999720921	2,67831451473643
6,07647555194195	4,14218198526557
6,45559514117489	3,41899840668849
3,64678282150952	0,872992747649709
10,4567537703599	2,74228524011451
7,56508912297262	3,54458585937957
6,84141334724943	4,24981928026907
6,31132021112459	4,50157088283643
9,69703813337818	5,93208556059242
5,37724066821624	5,30995554065792
6,24954868924628	6,1307022054541
7,31899983166362	-1,0328267323163
7,72366028210471	3,48022560682279
4,24641971581824	0,870899625123557
6,75176940484789	4,39254194143057
9,82781838860578	6,63571482284497
3,49317627268006	1,09813494706382
5,89308606952268	2,85383363310042
6,93672621773648	3,91681563641775
6,7332374788203	4,90052619684391
6,48325651368057	5,32591455079216
2,84972244826917	1,71629833028515
6,83876584528806	4,20720451281941
6,07204576135674	3,66249928010462
6,36434206384583	5,85784683702264
3,10849900708272	2,82910905878168
3,35695732323862	0,017322001748712
3,33869108521092	2,27642548266713
9,74235925606241	6,18078786317838
11,1427068378575	2,460823876332
3,48786360761774	1,17052118691752
10,3546157425078	5,97458023935318
10,0669216828635	6,03788076083661
8,27286698089358	8,19832839451627
3,74143240998	0,409175588762485
9,81986591573551	3,9879910303237
6,66054768560245	5,76967970672856
10,4652920654524	5,71883129613586
7,25000204175709	-0,785779642877545
3,66941564914978	0,584430398597067
6,82510305920496	4,22920632205068
3,73526649157808	1,55838185289567
6,34900802434779	3,54372885410765
8,77504000084515	6,48997316209884
10,133815142766	4,44118582276559
5,69379396120268	5,03684047608364
4,46580071658853	-0,79356548721091
3,18267516676169	1,86681529627659
9,59250933581503	6,38616371982517
5,70709948105477	5,84657820585675
7,39071281399625	4,98308965983783
3,14560318431406	1,23485340321605
6,33444405266978	3,46279097449781
9,85337882539963	7,30259309459068
9,43342365277562	5,52937991096717
3,50518746262211	0,729625055476288
6,86193561496763	4,24022129321454
10,4066857242361	5,81109703571428
6,33686435503322	3,48538696333298
7,29695867397769	3,80559473284993
8,57147975433115	8,56960760592344
6,21513624858781	3,38394611058488
3,5009473790747	0,956864733636632
9,04240723247011	6,94689252183078
6,49010294321921	4,69197736468432
9,04025789001603	7,06200047907462
9,88226828087078	5,82908406525797
7,82565015939085	3,49209429715413
10,2335945816779	5,88204803047157
4,09311540317654	0,744739768655155
6,71479497700253	5,10348386766002
6,39152580229974	5,51925433729712
9,8153281466683	6,16932869874894
3,26841086761437	3,57507171216555
3,95242369858215	0,408634663684282
4,43022308608382	0,936444803235568
2,81628351836328	2,2814633427117
8,3848130558459	8,69771512388535
3,33622491866058	3,49285371917629
2,66886492894907	2,57319483629663
6,15735395505655	4,17025922979789
3,2632833595381	3,04124501933696
9,94638504893163	5,84354756589594
9,20483839381257	7,23554401652906
10,4703187056085	5,87471009738945
7,60097354619629	3,59076312774847
9,21735194536335	6,53397479128191
6,41703865525094	4,42889620084172
10,1208624282127	5,38533841562358
3,43175270460714	2,29736222897503
6,73205149573222	3,91463303956993
3,14343385135787	5,09262112545146
1,8978057580631	3,27316149602193
7,23522100312838	4,70611286759391
5,38998590615007	8,90595929053088
3,24553639791947	1,29325676651096
6,69605699814221	4,34590174888572
9,19750794849555	6,54234224089858
7,0901835323932	-1,4013230033016
5,73282686758071	4,68501663554043
8,84176339409113	6,72484569313657
9,99503739604938	6,02736410068384
7,26730671121969	4,93693384011502
7,14104624970972	2,5964847556466
10,1553710273455	4,07334804653445
4,51909576827745	-0,442958792604182
9,62633560846236	5,36672779080446
6,73045075934019	4,80501011370818
10,5542359544494	3,30174248290776
4,59892251181385	-0,110183263818988
10,1216252584467	6,91689649101632
6,29439041779312	4,84078817397714
3,47579553193524	1,0153910353589
3,27984858012506	1,17824325107226
3,15182701308205	1,47390156662194
6,12041493066705	2,55775314168433
4,1085002994389	1,17443935500336
6,65860650882333	-1,04702872345213
6,44789837888535	3,86113410935848
8,57624099044329	8,29405166107015
10,4526851346602	5,43358943690339
4,73617517095231	0,300525638725291
7,41776347759483	4,32597759727818
2,69852934485184	0,987473336251555
6,01531655863238	3,85310152005795
3,78943289035642	1,64109036568969
6,94215238322762	9,05932175912268
7,8200885488917	2,629043309947
7,40816879730808	2,35077720061488
2,91315026736152	2,12095207941578
7,44738684304763	3,13591368039064
3,19444853411978	4,50913819641998
8,17029686945843	8,13778818228996
9,05154080617439	6,53627187074731
3,66883491840425	1,07138389120745
6,02220586065281	6,35143531061613
3,366535701667	1,57096812776917
3,40325576091847	0,971851403146872
7,29032304688676	9,27664217669433
6,72333644991471	3,67288756908299
7,29750743436151	-1,13844818584929
3,09254416027195	3,13465098531001
6,90325725386353	5,70036846274916
7,36965168782304	4,57695522499325
4,33234753343886	0,747937169248332
6,47587678420376	4,26178068653826
3,44994690743644	1,09094164623268
6,56618988742189	4,09489934600147
10,3222551653152	4,82334425046944
3,74388113554283	1,28146160428175
3,50613361368687	1,06188234459449
10,3548254670597	6,4241783592668
6,61401766220128	3,40760401853267
5,87788633838444	5,97799834390967
3,49505469193097	0,986662456895378
3,8853754760569	0,95243779801214
3,15434822897915	3,13979056268008
7,67815511379821	3,34979073434098
3,22896752528431	3,8074833040438
4,0504556157385	0,424440069719149
10,4343378700501	0,880544052102387
7,12336310563815	-0,768257283519955
3,7488187497918	0,861912607813381
3,42954291734984	1,17494545999095
6,67000410147484	4,27259823372225
3,40222780893449	0,890605828245662
10,047247114724	3,04501636224567
7,0801705794573	4,17976551999985
9,69771716633586	6,76622989509191
5,37649950307795	5,3000663656465
6,37620553789497	4,18144311723547
2,81203155088873	1,34368421594306
5,78224389083039	4,28049128621122
3,40688730858605	1,46583622409895
2,98951230399924	0,72565624105248
9,46252620738118	6,0965971849808
3,50966937716552	0,499462009961839
9,89964006740339	6,11485234307494
9,31690680616926	5,46598973511952
9,47279334381941	5,66746615682423
10,0349980406422	5,48820071657351
8,06446319239292	8,14796263352559
9,5314413781841	5,55887393513997
11,0856573697998	3,72742516095252
9,79047039971516	6,28274070505783
9,84588341776245	5,28553346791732
3,34159970858487	2,3723653162703
10,1137724417585	5,89042383615979
10,7795940327313	2,18124558889098
3,19994119858006	3,33557080346852
9,85743574584905	6,07433027850282
6,47632471353799	5,39664951520097
5,44648555320729	4,72077526029091
9,30835330051467	5,61724930880855
6,47637086043979	4,63511026889008
6,09193364265635	3,93279566540181
7,54927125112352	8,34676252252533
6,61531724205397	4,37090313925663
10,6050075552628	4,30060572235212
7,53633122004584	4,77203482926533
6,231284241939	4,77545619024058
8,07481532016758	7,31362180583889
2,82406632330267	3,65101038015632
7,11228883278986	-0,703852300986348
3,01846525699809	4,45941760610471
9,68689553079799	5,49747406165361
3,63743838385753	-0,184201068344698
9,49564508296643	5,21428633035745
3,09823514410211	0,35579104052998
3,49153534159153	1,67864475308138
3,2013507990789	3,01587505590103
7,89861789745393	8,28518459140557
5,96396751514356	4,68854328054614
10,9778220441004	5,226192246686
10,0762890671095	4,737405374904
5,43396321767223	5,58527651892062
6,81940062076389	3,57376579276641
8,43070739981918	7,99566518375401
6,07948533186451	4,11418468483594
9,5253819944103	6,39194873277398
3,1241090262929	0,844350555895173
10,6275268107907	3,79921487203399
6,6887327616706	4,33606761090647
7,20028958962248	3,13623294761001
7,10046550350676	2,75042748782572
3,97149658487478	1,2869316925899
7,24777859347487	5,12612245640117
6,51516911546183	3,93580432310432
6,80920796435278	4,80475574137807
6,10877679808359	5,00649660509598
6,01612605928205	3,66939409149125
6,97825299660321	3,88531631162322
6,49942377681227	4,13605570101509
10,1014208007295	5,70962051262126
5,05858136542588	-0,770245956173826
3,22835667248765	0,991907771837417
5,95248453044446	3,4488597903443
5,47504192041977	5,59324790893172
3,1831289572268	0,317307084877583
9,71634612326609	1,48024500512348
3,10365658659841	2,2217482701548
7,26392960026363	-0,84974022557173
6,68317473279525	3,38263673834726
10,1923219068023	6,17173110474716
6,57641335096315	4,61136523036761
3,13171623310409	0,5223630894679
6,53610725315058	4,39670507713061
3,52953578779026	2,37409754870602
6,43340335422364	3,78105041464704
6,75474419187888	3,60860629409664
7,62105397128018	2,66398609329496
8,83113616276142	7,16313497262823
7,01565939235892	4,57417456584961
8,77241678089616	6,8622132589775
6,89419164138826	2,78161081952309
9,46496372895775	6,76049474823039
6,33746728633271	2,74639753035292
10,1341564791767	5,57165503902328
6,51533343161611	4,75599136966829
10,9352447678572	1,4028358126022
7,09062103410125	3,8655688877567
6,13110561334643	3,63116919630189
7,03723164138052	4,72215834053733
2,61489069480102	2,7024928645083
6,25401116270745	3,82188412591753
6,39887577333104	4,46579839573712
6,15648347834782	5,29479702237393
10,9810660156333	3,96321358002411
6,77102163232724	4,18721288337355
3,7957849799127	0,438137186720743
9,8678395130198	5,89277747634078
2,8596672727748	5,56449662332183
6,31339615360318	5,31526898166734
4,16530526477402	0,060996334710661
9,68426050028586	5,4585867585633
8,91228256891835	7,69173812642846
9,93932057775487	5,84499021552754
6,2472386768142	-0,6237117492552
3,86090333022054	0,835734031445124
6,7863128640679	4,3006968018993
6,80026959610375	4,30017062278263
10,147438363602	5,81576965993354
3,94442362293264	-0,183038872182951
5,9729204545748	3,59798853911343
3,42006124944165	0,851897194022534
3,85824529991832	0,968701840448623
6,30213909783059	4,43587904424023
10,4100692169585	5,95567712695146
6,61280153496159	4,3368482347823
9,82333465972201	3,49413257957417
7,49862888714926	2,61483165891333
7,19381672624935	3,55480479233009
6,41522665994576	4,63214263423374
3,60793350097178	1,08436731372723
11,2169461230885	3,13449851675842
9,98837168097091	6,0300162058025
9,97711135904072	5,69223405250396
3,63127520178813	1,66942093783037
9,84138813613079	3,35139018276362
3,50582402468557	0,991843615075428
7,65057296141412	3,85586295336724
4,14021266842551	1,15910846066102
11,1962034949071	3,33722974471439
9,03938577864648	6,28785470006602
9,81688728599715	5,82338941541441
7,15638538335118	4,64567740351126
5,41856486436803	-1,26878318728366
9,57282927695883	5,32068410980145
6,3505079908208	4,6883341679216
9,22277764524217	7,70413933739976
5,4328214107102	5,67769547390365
6,05721279575079	4,21623159068052
4,82907179743608	-1,08329072785778
10,2211078052557	4,99067456767481
9,20805381496366	5,71343271985719
5,42726440949995	4,82835207495384
5,77704794549284	4,51039546811327
3,55699975432919	0,576979245699778
6,25885531672071	2,51867271597853
7,38823123135629	3,8046194545275
7,16698945961484	5,14671826904006
7,03303776859978	3,58208059574899
7,26454022556085	4,44831399885856
6,19200003325074	4,47763282407195
7,25823439092001	5,36808407096563
3,86424641650801	0,648419600602986
3,87133901396171	0,0474424180193006
4,19569933487182	0,543990653064446
9,85961034085369	5,70443482939187
6,78161552105849	2,84150304781864
9,82231070420698	5,62248037284744
6,62136818692624	5,14680755924891
4,32230408565849	-0,0962651361628906
6,32642903262927	5,704408613209
7,63038039400458	4,16762323876695
9,79204177875583	6,37289914205316
3,08161867402209	0,939065559792842
9,52649967250967	0,306919126284821
9,09690312166941	6,39147495079689
6,39927942879915	6,38583286331864
11,0144864479177	3,5449075019586
3,59979702461522	1,0503475707439
3,49634196765191	1,39207021333673
3,85808649909876	0,800649843975797
5,91421946808868	3,99911560556291
3,44470790589266	0,78842563118589
10,6618019008291	5,98708687553461
6,72154187855544	4,04491264076936
7,45713079827071	3,8371633183671
6,80339279122774	4,20855413596918
10,3204239345515	5,0977342092619
10,0600240668806	5,93945539146182
3,46478835683366	0,803396361374291
9,04149295667129	6,43493180588228
6,74388056598413	4,62011543842567
10,4791404395923	6,41796892107092
2,58718086827367	4,88494830337101
2,42188816296995	3,08208895047825
10,7384327593278	1,54268667345851
10,2381772044478	3,13193323886873
10,2523181158916	1,75005596374622
5,2571848085039	5,05601020341119
9,96121520022364	6,25567198559845
5,88750940366012	5,68806317190474
5,85724272459004	-0,143317367401679
8,5156532796448	8,57102915956002
5,7265479238401	4,33522147996767
9,78580967018254	6,98874998029675
10,2151590721426	2,78782010692111
6,63945953538393	4,16187282025775
9,84813628656896	6,49707919417545
10,4493813439924	3,53832866467546
2,78701743674611	2,94864508371324
6,08910886057363	4,50436486772037
9,87894027236819	4,92638903653154
3,6000546727244	1,10188638157345
6,5985959503064	4,54727995416721
6,34494669410684	-1,75056581467739
6,13143094115044	-1,09652422511342
6,23943341723883	3,52064891268973
6,84596811632118	4,39567081892431
6,63490344716761	3,97014446532877
9,61239865978841	6,81237990312209
3,31853245646143	1,09854223277628
10,4930064410942	3,14880221949831
10,1394792068395	5,8921047476286
5,57581840529868	-0,983296110916534
6,96551226688975	3,64786243340638
6,46215054763622	4,61949984303929
3,27175881550803	0,639212187324363
6,80537795337397	3,39113490645246
4,0427070635736	0,599003495483771
6,18102797366124	5,46795063052995
10,6611234457184	5,2809028750624
6,04974087257642	5,74281461663526
3,96819940234489	1,39297285391554
4,79798382483181	0,300058610072443
10,2328874763517	4,72995285915079
10,1963515444205	4,60473904651002
10,251036313742	5,17006896101709
3,87243406991954	1,40033347393355
7,4903619954707	-1,31481570715579
3,38193665099509	1,07226319744373
10,5498300836561	0,267836297400094
6,09585068534086	-0,766932971818722
2,67604203543485	1,8972408011685
2,0797739173964	2,86991742214126
2,35191018042128	4,62430832614773
6,46714242282679	4,97909483927604
5,35665883316496	5,45756080477749
3,56281266186678	1,05870427214462
8,62796365196625	7,02004160922554
2,81177560590239	1,56599037619097
7,69281787749466	8,03301040221985
9,51127485347173	6,3847555688242
2,8132261575641	1,31067752440891
4,8223260665069	-0,163337644041079
9,78515037504025	6,2003357597681
10,6695657402198	5,81175825356917
2,43893070533532	3,32422637382875
2,5787153686796	1,16393910288309
9,26228636077047	5,61359911619963
2,50506411428183	1,76776976559175
8,4522313713023	8,03591826744692
3,4877992187033	0,888913895044955
7,80680005538527	3,96945904961981
9,55899896529506	7,00515878228313
4,17208916238334	0,834097801810322
5,90330998920549	4,8649566051815
10,3357957677306	6,1669271801845
5,71286343508839	-0,273180236782002
8,41614912773393	7,94981826998776
9,62678902144058	5,82950341714663
5,61405401339022	6,05081965716594
4,09804064656985	1,37997316264618
6,1416373712059	-0,460165422399047
7,09758576834914	3,72005171385836
3,33308658166717	3,16275162854727
6,72011790591458	3,73880261198711
9,70441598143811	5,7434151684595
3,49510722284695	0,9553450534252
9,99986252554106	2,734528093081
5,8824956058324	5,54087426644738
6,49878366895174	8,77716352631198
7,13831237185208	3,55739473465584
10,795837136075	2,29469698320981
6,5210776320069	4,47347499703441
6,83834320568006	4,85094873187618
7,04652751480846	4,38445769214568
9,65750789384439	1,79460813446714
7,70852848102943	-0,69206362708913
6,58885738450092	4,60642418019557
10,1697438249707	3,96754237729694
7,22090217029805	2,31141578101096
3,37996950785614	0,997016111131661
6,51783540986937	4,78752124744176
4,07889714721404	0,997675068407747
10,3225803815715	6,36713687364387
3,60795073402583	1,31355074279543
6,29001536354416	4,27168286404651
9,14487013593958	6,25634701238331
7,79382602824946	3,81083743958999
3,18835942809758	0,982790702473108
6,37991171856644	2,77152298239523
3,44376848607724	4,76226663243457
3,21728755244288	1,06441330290617
3,63744494498974	0,924322459941428
4,68912352484844	0,700189758522697
6,05890331388512	4,84176918366679
10,4255649629105	5,90885269436078
3,49848513417611	1,17214144798501
8,4593219996656	7,68268249605463
6,94042740792936	8,58458947587327
10,0018320682978	6,80373922997044
9,96989131583803	5,81416612170839
5,10675633286576	-1,06146140076277
2,42056527105097	2,59467650432356
10,2489153492441	5,14785874269743
6,64934264195186	4,17355056847552
3,77074808743839	0,292522888666594
2,65133007175283	3,5093475567578
3,61620137431961	0,703982150913522
9,88042693052124	6,03671663574826
10,1829660932633	5,66245800924506
2,04881321111421	2,48349069378944
6,28097518515367	3,53702166391192
10,01893945039	6,23279090586791
3,53345473866117	-0,241446354966221
5,20202055283563	-0,545821159402856
6,59243705673528	8,73314600379526
7,24912885557688	4,82944020349646
6,29066007660621	6,08097825993329
3,63558367573497	0,799692254566498
10,1822390905814	5,6297550869267
6,29492367602259	5,73378974971226
3,46533594874994	1,70436032113906
9,16057666571975	6,18954741495969
6,54218692661684	3,843957490466
7,44352911868954	4,34592571823517
6,86792911279895	4,50994927523367
5,6460180828621	9,3455675064749
2,95188325345682	2,30664902709941
3,38778578460869	1,05911823978851
9,42276590916906	7,41095480978649
10,5283834324856	5,15425895940354
3,49223915787511	0,956687770503103
6,50282628811746	4,35287341135865
10,3720804489387	5,93230411460439
8,68130590373611	7,05254414490393
6,63243917600891	4,29217649571196
5,90277495821672	6,32258035258102
8,3837737261282	7,06956128732167
6,83576502396085	3,3807012377932
6,44720361059793	-0,920774163557133
7,33107713510272	3,22009702259875
10,106025268021	6,07985571054488
11,1471822644947	3,08484097037034
6,27907489544012	4,31087768028511
5,94812776957822	-1,21187363170368
9,67734852172469	7,2463628470469
4,42098137710128	-0,203650235668039
6,543968493473	4,52870286235638
7,31879889553541	3,95067182579913
9,50828807166012	6,90006328084071
3,65829322769658	0,641068989648141
10,887702069674	4,54713495314144
4,6119925729952	-0,951543570798288
10,5445364143962	1,79271286939065
6,7344803374809	4,28047860118152
6,98679445962134	3,58602834800554
10,1482555746317	3,05688602683504
6,57087658741928	4,26113603383503
7,5515798507257	4,6277286789784
3,30931018690663	0,831560408848703
3,2820896169181	0,684972157931939
5,80418445968644	6,0653989447761
5,63124308063596	-0,545948045666399
9,54282630012088	5,48553426249458
3,45662409691319	1,02888171192977
10,0572463179949	5,65632102930999
5,3029459468273	4,73564449141917
9,92821742132497	6,03680932419054
6,71384458274239	4,39056039977248
3,20254231537113	0,476763490043865
6,10679706806328	2,67716108298404
7,29543564551844	3,5246253510318
6,65466578489154	4,23362604463747
2,96332848622262	0,556554878926131
9,81259636840258	5,5255587220599
6,71110827717271	3,99765952788124
9,60564862205492	5,83831532797629
5,99938171951452	2,83881861928752
3,81399721685385	1,04582981404974
6,37080003405723	-1,08725906963686
6,21104076594242	2,79474132664068
5,89494142003899	4,59148019578717
6,68390436596912	4,37302480891964
3,77424433125257	1,93118630450379
7,0163961399497	4,38404085240475
6,14391314413325	4,7953992910385
4,73965069362439	0,54789140205237
4,12675136556393	0,248673233964256
4,20801198891441	-0,000569295485951304
4,39500465661872	0,739338142528328
10,1875016500475	5,19201151688116
9,38706660641245	6,13486748995941
9,89620888245006	5,82977586906963
8,8972617409537	7,97507778410782
3,20774466320855	0,651353419915671
3,17181426780149	3,56730680170624
6,46639374908047	4,95416254870198
9,90512230344523	5,89785251623944
9,15448092666024	6,99514013930681
6,52136860220018	2,81570645992166
6,1516545300722	8,79976847823994
6,45291675373778	5,19937226395414
10,0545411121725	5,77172927994682
5,83829887311134	4,98778553994441
3,09211984267282	1,34473180447128
2,53963929263687	2,87649752562161
2,86268986908058	2,03758447169286
2,94687275738474	3,50473844047149
10,0212860926305	4,60313524158329
10,8717667223361	5,24729731274867
10,4995638459247	1,50502782809242
3,41074208610626	0,698886112295696
2,42540250523322	1,75420784925826
3,62195582404305	0,273193991514115
7,33838509525401	3,66224204324722
6,4261279471383	6,12360348275851
7,5164699091884	3,26256624633757
10,2698188020325	6,38539289912279
3,04806905523515	3,13489740673735
3,76896251490564	0,618468767424287
5,85446678940261	8,60600237883657
5,75854779388644	5,4717953550933
10,3737861472631	5,45732528431188
9,98140679473695	5,06843798660394
3,13056922644908	0,620015001041642
10,178310855605	6,80716956915726
10,3677343088494	6,32680018986632
3,07283463958398	0,774342853023504
4,47737788929056	-0,246693406920439
6,82015333645149	5,48641442043627
6,47259910791364	4,34306533102587
1,86886531106415	3,3620410791086
6,85270774143248	3,91249870581499
3,58594886870525	1,05074875285407
10,0707104497429	6,03543320622785
6,25692565370332	8,70320790364232
2,89267281171652	1,30516864448871
11,2388401376092	2,40401291006643
2,38661410736842	1,79367340638367
5,31106808399775	5,51944814101952
6,79782784501396	4,52854408427739
10,493255717439	5,42174814216578
10,4455485899792	3,8766229820224
6,68451565166399	5,6199815033817
6,43669344877328	9,6562876501161
3,73695475630715	1,28690988888429
10,3237221239179	4,62289936102027
10,3532064176348	0,873284871870732
6,80842817208246	4,69714072039652
2,287227717535	2,74620592107257
6,4295536122106	5,52934003190699
4,64030490374292	0,0152912178961957
9,95070265231288	6,98437655368493
6,41512912611092	8,42072363522014
2,21872434280175	4,47065396159221
9,59208276030143	6,90404214354561
2,72946821111767	3,32484575446712
2,6812708500686	2,28696530480629
10,3639003507597	4,36848859694252
6,63919666952927	4,25701064689953
10,1172953834452	1,04869897960136
8,73614070555616	6,89642356092066
6,99690081247123	4,24941347460431
2,24422371236958	4,62132174591591
10,0925739002574	0,674483933835711
3,47453571111189	0,599165423761644
7,53098513910253	7,76559557565373
2,67164630418264	3,13374481455026
6,9296333193302	4,87578986105657
5,60598012478553	-0,803410265692625
6,51278300428102	4,08564306604689
7,10321457880515	4,00895884723895
3,05976799832443	1,85760710460571
4,84058857942882	-0,223699930821332
6,34391177723367	5,47164126315908
6,21855340107919	5,07503595200794
5,73039428248621	4,40382776177732
7,65954917973504	-0,668997406351446
4,05344484736268	0,997922420171702
2,69057421337349	1,23937713732308
3,40683938276266	2,35974210037489
2,17539570237155	2,52304716892838
7,06354472344801	8,4159914997217
7,73179919202082	4,21903089764289
3,55870508862145	0,623338445789833
10,6493896134435	3,29753324094932
7,16004318904813	3,12804540823029
4,43675439209029	0,389910822015107
9,45838507027306	6,72366863827155
6,68793270343978	2,86401106511775
6,63535645106641	4,30026371409177
6,55326579026758	-1,07175423584993
10,13439284058	1,18290564899529
8,4226172694705	7,26355760646741
9,13729605340723	6,99352144620451
3,8120673046343	1,38541271445494
6,41196004160687	3,22138409553489
10,4086955091733	2,41877630085066
3,03527077350483	1,10587982087731
9,63983444025539	7,73163304142164
9,70400341878077	6,02843057055307
9,94437516720087	5,85154743546822
9,88143908880933	5,97744656227187
8,92195993397366	7,09836789164722
3,35532034594367	0,923163094444778
3,36158500396327	1,04254252832825
9,24902420366205	6,33497047036102
8,6278916485104	7,51224122605927
8,99882439618943	7,46239877580484
6,76844653259307	4,31567072467717
10,4741184993385	5,42319217642917
6,65171395397772	4,108451086547
6,90788569881209	9,72117950555805
6,23789599884985	5,53823690157735
6,45221710329906	4,36463233042555
10,0891343558511	5,55298189459108
6,27674355038503	2,63439998422689
2,91977248360274	1,0033940753893
7,65174886490761	-0,633608929889022
6,62611754173793	4,05621281533093
6,37736744365342	4,20168332000572
10,5834634204456	4,47181682036635
7,29943048099743	3,84856876699604
6,18997021895956	-1,47215349894549
2,93189380177057	1,47981051750953
10,5868098215565	1,14397046918247
4,51946109708246	-0,884818085890122
6,56111087110675	5,26674126495404
3,52172422330946	0,944745665741232
9,86057005331021	5,8652733475925
4,04355239935892	-0,139052350923038
3,00869886050973	0,646903680323291
2,61194694390762	1,02714080046729
7,00383158097448	9,28799053731488
10,3320287360812	6,30054618488135
10,1074235059031	4,17143850874922
3,14346684233834	0,387478671338908
10,9891597580674	4,28643255218908
10,1020716749767	6,10406462083192
6,70061383342854	4,89684499399046
6,57017452258363	4,27546650398612
6,59883727121973	5,19020115462581
10,38015512763	5,46676003955711
7,01800253363967	4,1932649122577
3,2969967829058	1,51481402167048
4,13172642047466	0,746054600241614
9,73638945182162	4,05166238463475
3,74354735892495	1,03408666999691
6,09504259972478	4,7072894343697
9,52783066310642	5,48884250685746
7,19948923664139	5,37265566813328
3,78246893825297	1,40273122643902
9,94985188398406	5,85698540338162
9,20299524992756	6,70264179928691
9,72079286379364	6,04969611822355
3,82326980772214	1,01480835520877
3,73768217657815	0,689538476936705
6,2365837325322	4,77164414967485
6,38279263948996	5,4607374346069
3,16697280096378	1,25257738944536
3,61084509334622	0,804992068769709
6,35248576529913	4,01798127941695
5,60614541661557	4,46057930207901
9,9543594796608	5,88575410935189
6,64784456764784	3,8770431465166
10,5801010509959	5,10259975854009
6,73671200528946	4,33316510468299
6,52681508317102	4,26119562398
3,36991816061777	1,1355686676685
8,29981209024397	7,02057071698428
10,7912833458695	2,32586615335548
7,07774562199058	4,44434060136158
6,59529573783238	3,29144538059385
9,7924808993963	6,76838763810067
9,67601607501507	6,26894722338381
6,69812240388265	4,31823150665956
9,56756134993994	5,15897426987881
6,49651687276646	4,11386361035516
3,30827343455863	0,989294072338665
10,2331072052876	5,95432424930799
3,17411216250345	0,560931860112753
9,91433612902173	5,64073794273678
6,67588868629844	4,72672657201589
2,81208916149723	2,07810632767138
10,1767378738395	5,7447333720108
7,35688689545485	-1,37149136238701
9,93522064132784	5,89612810608974
6,88802527331105	3,93741802200793
7,14459732362065	-1,8992208443982
5,12010191336256	5,15228709915522
3,47750099728023	1,21074281010929
3,56642898048437	1,1043816002377
6,46089693061444	4,53394412909159
4,62631489196297	-0,512003097272961
2,79253417682168	1,3193248598958
5,68134950595866	6,04116804386138
3,00584956687957	1,93133323348717
8,66655336454284	6,90483779038323
3,24531433941876	3,22710065548202
4,97038602889851	-1,22871155814756
6,42373323240554	5,74047480307602
5,76654408432418	4,44139681616218
10,5491276592876	4,05771094469409
2,40369344323201	2,02789197998736
6,69295864312917	4,33664282877485
10,1165440391238	5,01166810541959
5,65686625446192	4,60703376400499
9,57807251734237	6,58565830087377
6,23289393068786	4,56357329393803
6,92312374550494	4,19485710785831
6,60313370172133	4,19455243611925
3,78154259815618	0,0152376913900641
6,75509085636488	3,27872657335395
9,05823922921477	6,72288397393455
3,42598768747359	1,06677723468858
3,80545424361147	1,46873904158722
6,922146276221	3,29804152163343
6,48403093539052	9,43261924201218
6,62091466041536	9,09195822902071
9,86253854328897	5,83677634055317
3,38822019040911	0,742466731756709
8,90608730072381	7,87906730611683
3,50299214819686	0,901133809449104
4,40153816771315	-0,524739876190491
6,92006565543512	4,02650095577038
5,69758416792734	-1,29041797520469
5,39517091304553	-0,637227383203921
8,50498227529989	7,83663760783061
10,0147776950334	3,95693032532209
9,87724814217838	5,85324000447376
6,95116756432899	2,82956985335147
3,6409796619065	0,28767749700607
7,82954164779965	3,91768674277363
4,43235040521053	-0,484437401711448
9,76293809546132	5,6052716820069
3,60001947204666	1,14352233199065
10,2536642109703	2,3928127870424
6,38629043248559	5,19908100061308
3,41482428537871	0,950908700044375
3,38044305322482	1,10837179872401
4,42512655002475	-0,0961625576812437
6,73622869869315	4,19320889770807
3,04287218194628	0,474324060343869
10,0203875003223	2,87729123011474
10,0694134618427	3,69032720952973
10,1667934234448	0,861403071381845
9,75898288075253	6,66217711421965
4,07952299476426	-0,715823376138152
6,13561844323493	4,33717934774155
6,46744533359071	4,10240411812105
10,1482309957633	5,90643414524488
3,32613058708986	2,39550568729663
7,04362558823334	4,07720113403226
3,70229533507299	2,03455088172107
6,70383622028993	4,30892698807121
10,0940049681342	5,90099612224497
4,22828031172216	0,967388637998471
2,66159278141286	1,57406383575224
7,14572987809525	3,18424249697068
2,28142831406054	2,26411391445365
10,126658783156	5,89311061506774
6,70299522887662	4,49321855483884
3,35063159741246	0,920781871527936
9,22935078471548	6,28396446338344
9,87077037202171	4,36955855953914
9,20563109882416	7,69479242858511
6,18004527531437	2,690553428823
7,60146909720582	3,799108279556
3,42836012633458	0,957706703888889
10,1215773254626	5,89310779316335
7,11299189030447	4,55054495221868
3,13348662762389	3,21146819570795
3,50631910111957	0,949637017944324
6,00953389825034	-0,696194600722219
7,71322847123612	3,32527166920079
10,0189022212669	3,99170149824475
3,71784756081964	1,89919197689746
3,69904214179606	0,99175584120211
3,24003355876193	2,94366669182136
3,52287642599084	0,94656341991328
7,21760584392914	4,92845885841939
10,166989778467	7,0084291733303
10,1596886876617	5,97146835524949
6,66009854607849	4,34552519751125
3,30363087285419	0,176594939686256
9,72237690596697	6,12903178794069
4,09393693100316	0,37069551504022
3,37972931825277	1,04695330137033
6,52492146925644	4,45178856632575
3,68986497067824	0,938338790583369
10,4354731219125	5,01490835959179
6,58874442539295	4,29636856380928
6,63922298088295	4,34883466820233
6,56174516581754	4,22049569104169
6,16173193154924	4,47887861829191
3,25614270672083	5,13927693937978
10,943363978931	4,03576172950064
7,42920134207024	3,22124191048803
6,90245678997535	4,66490259560566
6,08462663167494	5,90075153395578
9,85409844698195	6,41159833972915
9,9916108886663	4,01939461429632
6,45415280286474	4,17405180011697
6,87792046945442	8,48805548103866
6,51001976789039	4,40324383361774
5,61594416304903	4,37548185261008
7,69977286632972	9,30949288832638
6,66409334459555	6,06384162377578
10,4881466280134	6,28042587109286
6,98682863875035	5,10601535524694
9,93543735822414	4,37331330632826
3,89798228926827	1,33677331610995
6,69732197967186	4,31445666584891
10,4621837805253	5,81937564950959
5,43795639266681	4,76874976948008
6,55061211300307	6,13632363148516
3,83903411173427	1,81386138893108
5,93820510793049	5,13161343443346
3,28264933719793	4,36874262077839
6,08648290120397	9,65522066720599
6,56711759697452	8,40433269084532
9,87118919079143	5,87990689379201
9,63064565846239	5,74821011094035
9,75842720874262	5,75578474526308
7,21924570052518	4,1866868369424
7,46259199085158	3,87370678024484
9,97788968181924	5,61124796302254
3,69727713256895	0,116144883510449
2,86723166251943	1,49151415835997
9,92917758404772	6,28783183684427
2,64387698940058	2,71815496341357
7,68652761598108	2,70784592466731
3,45115063947509	1,06400601644041
9,66359921196226	5,38346721862272
10,8505983726471	1,22251254738199
10,19208622987	2,1884297605425
10,128419428939	3,98438898477119
7,46642682980513	4,25248441901562
3,27485077530569	1,01578322237837
7,57517690633775	4,35866936104777
9,59988168701872	5,70556188785656
2,89815108325958	1,75532625028937
9,63792083881156	4,51794238149705
6,70014101295824	4,0118589419165
3,06387523690731	3,52279295578619
3,8189205488805	1,78425318030786
10,4518460815588	5,64370445020306
3,68049949464041	0,874724325687677
10,1319978162595	6,19580301696306
9,90074328412096	6,66458682132146
6,23040242645302	4,77826222715465
7,00577706790063	4,68184505036022
3,45962268173635	0,998156699586757
10,3239568007709	0,670335568612453
3,22521590670434	0,897170842675946
7,12841144654499	3,67641178049451
9,47649626963435	5,64190830675194
7,36390006575783	4,95239229559213
5,96804718423486	4,62512065373044
10,0032906335127	5,71133472003676
10,8331063321869	5,51868959404832
9,65348545028323	1,46078609341028
7,62343397647835	4,07222687514891
6,14373037950165	3,00343455332021
10,1956921503069	6,7847639682079
3,41645728520548	0,909173437058555
6,73041943445375	4,36953532273779
3,06500610570297	0,774494822253811
3,73527687824255	1,50706585106291
10,3446027496308	1,70712380836845
10,7070943494822	4,14477838721634
7,39250762988561	4,39013190334821
3,38358621687131	-0,0286219260637275
5,90370304418202	2,98757166858266
3,49114661863547	0,959882578408762
8,7749514898137	6,55019752218404
9,97800646487873	3,20036650139549
4,84216600725975	-0,28935804840635
10,4018715818514	5,28907874304228
9,77369467336612	1,0340883258169
6,71356321347514	4,31173217006316
3,5888541270476	0,53978520806111
10,2127592174644	6,10327608455801
3,02727775820409	0,705229374066621
3,50763092176324	0,943248626453729
3,82679517405809	0,592140997786632
3,63126358543099	1,92804990734434
3,53663472293092	0,914781344786066
9,20810647000147	6,10075976245006
3,92768002157738	0,29462162400209
3,50476849457066	0,917518236511814
3,46198976536572	0,876182076853529
3,51530992337786	1,02930867591376
3,48942440716152	2,37803217743044
5,54265541064339	4,93188904225457
5,15868461387035	-0,0175163431679157
7,19886432843574	5,48905512959741
9,49535687167573	6,06206382868261
9,72965555733119	5,80270674000275
9,62850246932652	6,22162647371417
10,6176805095108	1,94355476522042
9,32133199788975	6,16794991528753
9,4410901544314	6,75678521653388
6,60874958980995	4,31988871344504
3,95305393186231	1,46450672359856
10,0026362879955	5,80364075730997
8,43813259993303	6,96922389414915
6,69313322745284	4,51985780276388
9,49225745550408	5,14730759314848
10,2200591396758	3,96300502042402
10,0277676874961	6,06151186216619
10,0639535211445	0,586554944355409
6,26090291909418	9,45876749385553
3,23345521805012	2,72303609862672
6,75755904593038	3,66609114319112
6,54744552326009	-1,51790886020624
2,33252959823932	4,44488942267654
6,71584301675687	4,41721367980779
6,60482900089354	4,65516350705639
2,78716973237619	1,29301933580951
5,90912377487107	3,18011071936904
3,20997391985759	0,816748359282071
3,44075671213133	0,0233662084182142
10,2896181012824	5,34019063412424
6,8376319483768	-1,75906741691277
3,2928138137578	0,712836857371098
6,72884332334878	4,21673989677665
3,0195565626779	2,10113340283621
10,5190037170563	3,86562650744267
9,91050184541435	6,75195571937238
9,37117376412272	6,84408732630181
6,70462420387222	4,43182207897956
10,579831945539	5,35003908949608
3,89776744486358	0,768181334827557
8,50304102687453	6,83701237320237
6,37666554347625	4,03980450838471
3,77107793836298	1,00650064356387
8,65282165191478	7,52237075220005
3,31133708368484	0,663495353433762
5,18939150184376	5,16428204125808
7,16084065872052	3,39909574343504
9,94816492796828	6,75981593371817
8,47237883233851	7,24250936268227
8,48040608242489	7,0852785544601
9,73698701912402	1,8775052484687
8,02492475707547	8,36404149915405
6,96618988098767	4,200852828233
4,28783063353949	-0,390998110101234
9,87698024353191	5,48489830704313
3,48426668188569	0,926935821886128
9,64861714329678	5,94589598426656
3,42745536384647	1,01025472517571
3,98217536799315	1,17886038780668
6,48099549127255	4,14810017186659
2,07676115537078	2,39365010013577
9,88010937114544	5,85979756101016
9,32506402986559	7,69969832879194
6,89298647765903	4,52889497844832
3,39168721995975	0,71152533440275
3,87174209660172	0,822116700218833
8,00038009461094	7,42071791074744
3,28557189243348	2,35584508004318
7,11763844422189	4,11491055802188
6,16854824170705	4,21396064370765
3,33536400340837	0,997841960205165
2,85023732024113	4,56305663525822
9,98937045306635	5,85081810918924
6,42149947417375	5,48088598782397
6,72567800235986	4,44571801708086
5,96474529662015	-0,547853098776725
7,91089916418618	8,31216272396412
3,43820984549993	1,05264966145943
10,2807850725088	6,82333701820747
6,3205804013756	2,87368279682675
7,68256183471899	3,16686974387752
6,67340667669082	4,30367748115802
3,40005774245364	0,920670018340901
9,50667947378197	6,82017746591193
3,70719915276153	0,945553781384434
6,53492410911144	4,06471823018538
10,0169635827375	0,0635286434384108
7,27791455594042	5,24649896563117
2,76682458761647	3,55751742528131
6,25291020625723	-0,265796442655319
7,17444851386369	4,02333733490652
7,84822916925233	9,26562423505114
6,31274433135925	4,41536634102854
7,52203317685576	9,32884541345208
10,0283124762533	6,15915649295035
6,72497844037366	4,33230546330351
11,0795860916676	4,64404786769827
3,43382753398101	0,626366205570961
6,66360048378513	8,48596254800147
5,56677522530496	-0,758905550617976
7,60186503391151	3,68892188777479
4,23351989145838	0,986220166628744
7,42393690355246	5,02239096642132
6,65134621364202	8,34391183471097
9,94856743855028	5,879301961578
9,30337209713232	5,94589292897023
7,51283919936544	2,84401453978203
6,49733372794726	4,93447079933348
3,52024061268638	1,05754092999687
10,612366328859	3,52403133615459
7,30043024664688	4,30740057274844
4,03459195515518	1,21588282657547
5,78864662349269	-1,54340908812995
3,50594070530726	0,763964409403676
3,63055430669912	0,551896117978019
6,04677917643385	5,20652213789011
2,92711285757104	4,08310348918732
6,61867974311522	4,12575200149726
9,24628385252175	6,04527481741398
3,87923332790167	1,34759185062455
10,8992680183365	0,802775282179604
6,3198698879602	4,54635053352208
2,18727494824495	2,22088913834942
6,66231149595641	4,62496450838402
7,78475931574071	7,98302148150245
6,76473996581628	4,35166071250902
5,78951497574972	9,20417442826599
6,13002043470451	4,89968776311301
3,39794484993571	0,88790266602454
7,2081713130688	4,6181442299468
9,97404063111601	5,88095809290828
9,46619844143003	6,21541711851546
3,70069154314752	0,238423951253134
3,5083380314326	1,13335232862351
2,75351297789049	1,05074124297682
10,0535488287736	6,03919481943525
3,28686979027659	1,56768627745406
6,65679913017296	3,86843162737217
5,46682499447974	5,64193542678532
9,90837073370939	6,00798751112679
6,38063436923204	5,99607906506418
6,95028447269861	4,38699043753715
9,90416432659997	1,74773285402543
10,9103606665141	5,44282316328825
7,01037517168186	4,72716414189445
5,12055617744823	-0,22937487903662
9,14507977078387	7,98656052107249
9,33546508898534	5,75245146184341
4,06194856764208	0,543885272257711
4,33480531395052	0,14245156124764
6,71299325521224	4,30236584532213
5,87956923270185	4,23082121550895
8,19665616935554	8,72181108459125
9,65776393188343	5,9206183877683
9,50958747634923	5,75115615685785
2,53072891660547	1,73918598790877
5,88864338164812	2,86351886916876
3,18501407968782	1,00795829050268
10,7781204723174	4,64348639470929
9,35941293799582	6,34201073598356
6,73909711469032	8,46657792080245
9,99921927285422	5,8436385041282
3,98228593357557	1,25165230238528
7,46078393825014	4,89764168500515
8,408076069985	7,26119552904955
10,9287999995557	5,04408395283145
6,31033577592414	5,60474141357078
10,5402628420632	1,6228376064567
3,61136848641011	-0,132149556812209
7,48476038714603	7,99109003081139
6,50289268852681	4,83209149376635
6,65972819531524	4,34942433179025
2,04436495606175	4,32780995773126
7,23645875582773	4,03705955017903
5,8049260844802	-0,714930212668927
6,6625444307087	4,2323015805448
6,62743865566448	3,85051474265467
5,54025442233675	-1,25522464593567
6,46202180089112	3,74563473233225
6,84128339757606	4,59618358713016
5,9713885177901	5,24469249761878
2,92488757457979	1,24317271633012
2,49950615993371	1,54856098961371
6,76097064204289	5,40936924922881
4,17771663350402	0,642750331531526
5,663872997454	4,87467987469037
8,99900974267426	7,22326149419956
7,09159274700977	5,12592478516713
5,99176313376698	3,33407897760873
3,75949340598368	-0,157604568812878
3,09553309190955	1,51730024383783
6,07771279324622	4,89754763893709
7,13951431681001	4,27979546607654
10,4773413824061	5,36504164092113
3,4638152588106	1,00589320870874
10,2896072207202	2,51909387913217
5,02278740202599	0,128476856306364
7,18267705446701	4,19528461429086
10,1025204121148	5,91439013498872
2,37828228387029	2,08900834427941
6,64175990976694	4,28151681296453
10,0054167966716	5,59393385314658
3,83807867193695	-0,00846559259626678
9,96683139195299	5,72738520112775
6,693376663601	3,97913332613011
6,54175797740968	4,42777587047234
6,11621612203035	2,61249906633494
4,59690153349532	-0,217195920718354
9,94371145951512	5,84207650686431
6,73108600876419	4,28473380886152
6,7666585000979	3,90889969813303
7,37211125644843	3,34801435631731
5,54298572254814	4,68756297857816
7,4466187399956	4,9706080910694
5,81783993625594	-1,59531310469346
3,27260091818301	1,6904840035988
9,76469551422732	1,38399570214607
9,7969743884473	5,66611470453187
6,17508719704709	3,94876439392099
5,88676811803006	4,14002247680305
9,97683354079716	5,4681748865793
9,96945423010897	5,9225308527778
9,3063344375773	5,53534469835859
6,44107166974153	4,40458820439506
10,2423737420639	5,86561206821848
6,48124935141449	4,18592917033224
10,5088169411971	3,99456635909399
3,28904248668853	1,97393527485877
9,98830762299915	6,1233665973815
5,89219438523667	4,77749151266325
3,16957135193796	1,66932426781268
3,91440006519648	1,13588400975554
10,6953504099204	4,67676487111384
10,1702196336793	6,27854695696527
6,23267679692984	4,15265198448982
3,9147742609534	1,14623012038799
3,94842885805121	1,21352364511983
6,70533392199855	4,01322712444007
10,6904447364633	5,75388438035031
10,1985831682818	5,84534706025094
2,84040700670729	3,35447676216198
3,72405633176606	1,42559228013077
6,77313557804053	3,94575311246295
9,38077564553982	5,54109049757098
10,2634408475992	0,659680077601461
4,89797567955436	-0,905288403922499
5,10635575328329	-0,914701822300965
10,3763465680874	4,52316545734629
5,77795122998909	4,00099409223776
6,85591042453023	3,12850703484657
3,21689933085675	1,59303506122627
6,22872482118364	2,78480429433407
8,132841960727	7,93325743352565
10,6946114443087	5,53418356221136
3,88420481031393	1,05159821960904
3,48287549063958	1,27951840770695
6,52084445334884	4,45886394433762
3,20781671459967	0,29708268817163
6,64509782125436	4,36750930567124
6,57587906123364	2,83435842340455
3,74709754342759	0,953732553342967
10,4198239367802	1,61044212686343
5,83647566330782	-0,825787382743819
6,56208666338181	4,24190473494776
6,43382660875322	4,23017123615702
2,68555155768888	2,27760824648026
3,57783569986392	1,00672924183946
2,97994916531102	2,12205124812643
6,59301728101456	4,52715732143754
6,67845405555582	4,42959582713129
7,80831467154818	3,43992666331052
7,00878560331001	2,97651733569516
4,5635627142595	-0,135492731534555
10,6920513805676	4,40685493316169
3,29529926152732	0,783733940652716
4,35564893436153	0,429327261201155
5,24499111089205	5,00987262834977
6,21826603884721	5,38344177258276
3,64332057288865	1,06181977896308
2,93627718986498	0,899311711597507
9,14812214498477	5,99204242316892
9,3449975592192	6,89835549529436
3,62847059199673	1,2735732825202
3,96625740417711	-0,486063614246806
5,91590172931573	-1,3828917426535
4,14332618210868	0,416956976618278
5,55717111492695	5,51069874656242
6,5278850458447	3,91543167023132
7,56865577726848	2,19035535309919
6,09183503447334	2,98964607231135
6,53908641182685	4,32118904888344
4,16656717237353	0,236211460698613
4,7305628467437	0,201458849120368
4,94350701220079	-0,258037095540377
9,99806283325929	5,04627866531957
1,96700562098244	2,95686492440586
3,78402671303828	0,808975232222777
3,96151979295404	0,476268584076156
10,1583058575132	2,62925330115886
3,7803172076022	1,33459918352607
6,7393295229792	4,30697282004045
6,79848030170802	4,17950399794323
3,83653406066223	1,1670267452294
6,73844646746965	4,11005176383648
10,0150291007534	4,63887561060886
3,64761621923063	2,02606863099973
8,51325392767194	7,39911657636827
6,89174876383952	3,45639890607332
10,3959124279845	6,02601833821491
7,09851544405273	4,98561599803855
2,7618245620099	1,69377173079479
6,73615453391132	4,25123216599311
8,94539032386483	7,05671513740029
9,82485098195667	6,02124566754842
2,98704422527759	0,983849866845395
6,75572354063346	3,70842907848868
3,40977048898785	0,931843715127013
2,99197941227723	2,19857098217442
9,19714302260025	5,90368215477629
5,84551806214288	4,06142060293224
3,56749666806444	1,03346094808645
10,6624219293252	2,44516429022819
10,6060619000866	5,4933826957799
10,6211458369051	6,12203248798967
7,05542690962641	8,18447654936925
10,1650009804662	4,27930334442709
9,95446163649367	5,8622141720468
6,61920572661868	3,62435463076452
2,11774818989201	2,21653148944506
9,89054147213041	5,79883400675198
3,14592541038038	1,1440029548893
10,0083786931921	3,73918305595563
10,142629149398	5,18493387434453
3,4520997622029	5,0402257963567
3,11768559419351	0,811221187695509
10,2123782663748	5,17421043567371
9,93563022723004	6,50651088181295
7,41036554791279	4,09586184840961
10,0201862546061	5,90344962489469
3,77584534441981	1,66496385391638
6,4094526394604	2,48179215126189
5,9574712258591	2,67596686416333
7,65883818652944	3,12459679748622
6,36200820692043	3,87090632940253
6,43901642815086	2,94874906208679
3,86573930461055	1,46063344259508
10,4163368414376	5,55875292025227
7,05886504573896	9,01707270132367
10,129081245468	4,01949636849217
10,6834096117269	4,63828753048076
6,08510411793699	4,56996463880966
10,7609277389025	4,94175371245915
4,92942484693313	-0,0192605184823196
3,70057907928047	0,857497947941028
6,89883847381067	4,28483960737461
2,97742969045225	2,59916911182553
2,84339193091248	0,739066042832986
5,49889371427041	4,74139284673325
9,90102392848345	5,81935132191206
11,024017071861	2,95815301413181
9,58543937614846	5,6976943633271
5,8065479756989	3,82961891793021
3,45661753824442	0,896118848123587
6,88668801660623	4,33552072746784
2,52800571491681	4,17829869950091
4,86570031119216	0,00326764004771385
6,94414970533902	5,007485323299
9,84282110451974	5,84853522412726
6,71864863378948	4,37947175155506
9,89206694631325	3,36916766732719
5,74828141694767	4,26893225443629
4,3199289242424	0,683316373614776
8,50876456536172	6,94053182673581
6,38633786867171	4,15894581763762
6,78858521949134	4,59299616178912
3,77497774689162	1,3619202701343
6,14086030125447	3,35056860227791
7,77360732332936	2,90451254577241
9,23707773890306	6,62998425325823
9,48125322242898	5,80593691680822
10,1564781656902	5,49818390553901
3,99347934987768	0,311177104542333
3,34487448176104	4,34781933328378
9,87857329601425	5,66309994833012
9,95811607499613	5,76903851598861
3,76114167543063	1,02072102510043
6,42109659355136	4,74761986345098
10,7437904459364	4,24747097040013
6,70650771847078	4,30495588837376
10,6715833190078	5,79469568094983
6,48014587988887	3,66461762246139
4,26453578422215	-0,652827699442443
10,0323952630275	6,43494479763306
5,9884031293434	4,80720466217956
5,87047074176131	5,39695869798048
6,82684881627432	3,78737849625867
3,37338333969235	0,416955016489688
3,91351092213366	1,27600236640993
3,58963042563992	1,65933477386096
6,0357791229404	3,22627527641149
10,1922000367142	6,00952266529998
8,84555733507695	8,12816190216946
3,4053621498296	1,99517315383001
3,9310566307931	-0,32339113497739
6,15387808635915	3,87435531972457
3,98082943161508	0,999462030054327
2,25641662170935	2,75472581610181
7,16611925691054	2,89614189092502
6,42756388466113	4,59011800343795
5,66786012974578	5,62209041201565
7,72301193167357	2,36958747287446
3,31694186193485	1,77770553538415
9,77607837812223	7,22406269022523
6,55894363699435	4,33267030348229
3,36643462479244	2,42632485536694
10,7543236565336	5,31982710000535
5,97304176053369	3,22689291511759
10,8129353236229	5,56965950129248
3,94701673478954	0,792878647856373
5,49493350167463	5,37382605599385
5,51434610232084	5,82612111773379
6,22924883292768	3,97536124404309
3,6150314279667	0,855393041474618
3,59360274857178	2,22850835262893
3,42088845749017	0,202302649387029
6,6400026015654	4,3639912772387
9,57141428895541	5,63028624455444
9,7414309863652	5,15863259771138
10,3658484722567	5,42588238303001
10,8836233029504	4,95000726782853
10,0832152593966	6,24409052172425
7,34759600555856	-0,953741999938802
4,06539505100614	1,16095518326117
6,80445807381125	4,12395955673566
3,29631026810509	0,904055191699629
9,91530176667991	2,28566250789995
6,00908100268168	5,19760868019502
2,52509440577105	1,40590434916382
3,12632975711151	0,899122412301575
6,64452943493278	-0,424747836627176
10,9976561990838	1,11747990789489
10,1915011706569	6,288516716521
6,5548524707961	4,10171306790972
7,20959722575533	8,51657556494323
2,28420152138841	1,67886050443223
5,9755694899057	3,86203304734172
8,50957312963232	8,1453449314386
3,38252045792365	2,72906137977971
2,97680390609824	0,537787423022258
6,01056249827209	4,04903569669507
5,83166305361967	4,75275533628121
4,06313058269792	0,955826257167365
3,41637938380665	2,98668145149994
10,8922056452929	4,25775652300518
8,96515804324599	8,4010979739042
2,99002964816765	4,53948706531647
9,38055625713635	6,01088461284819
9,48777342345712	5,41165899373735
7,20008659828025	4,63632909798748
3,38227361007117	1,01495974005812
9,70498247200344	7,42640803333453
9,94738276030993	5,86272905014153
9,35268844852366	6,29290513287955
6,81596293554403	4,19611902608883
7,28944568103904	4,64061989428463
6,88157443310418	4,45414045589
6,51961745246843	4,47882499906566
10,1480439279247	6,59077234642413
9,96152004397977	4,88673793927391
6,10399118354767	2,86665142038859
9,7544878345601	6,94207993173344
2,43150670773013	3,75912499044764
6,95158669775312	3,93428619656706
6,56628079852126	5,8159327953203
10,1449980672458	5,82009454224113
10,177349038008	5,86965560659249
6,88876237648144	4,05965331835065
9,92447281664304	5,76929037763991
9,95484918277142	5,86147837258611
6,73718973710495	4,30302170627072
9,59522259756994	5,30537041609328
6,35784074187449	4,70008602205047
6,78399165977767	3,71198588572786
9,92863365845821	2,45111748207594
7,23094830482513	-0,441145012364415
5,98080762136189	4,583887001949
10,1130652703221	6,8252118020527
5,17463996113315	-0,114119836299181
6,04089996558078	4,70194932976061
2,18823459482936	2,37115719071088
10,6979456440316	5,42320372218476
6,40398333338941	5,66976274106153
5,72913697556582	4,71413220585129
9,59370957673774	6,98693965238518
6,64668592098794	2,78762744243891
1,99876264549608	3,77141140515469
6,47945705027287	4,02818374811769
6,92909966643639	-0,563323941442546
10,6798307419146	5,94771465288821
9,85071633844264	5,63785625714735
9,68033390878054	5,15674569458515
5,12564636832524	5,03491225972972
9,53299645304421	6,16457168309784
7,64957901375579	-1,38099015353862
10,2315380598716	5,60552449596392
7,19991893706695	3,61225906676465
6,73215998586661	4,17733855050124
10,0782913220046	5,23074315847374
4,01572123178835	0,827675278345771
9,61264820908255	4,85785333461619
4,08838214841744	0,53818802702559
9,79833860650248	3,99611304168304
9,42935865519259	5,42269937342524
5,74786244015705	4,16514386106207
10,0021443725048	5,86840398383676
6,04302787317787	5,53925298476092
6,30868862980416	4,28484195172306
9,87928980130493	4,3009988870135
9,67070522938733	0,471590437867733
7,13415820398298	3,55224770620932
6,02693405051379	4,841301809614
7,78859137193631	3,78712263508405
6,41220932669978	2,63001550880871
10,3089403289775	5,04611346835404
6,85913667458636	8,24451403795693
2,94638594662632	5,31100625079447
6,70236445309671	3,98736195281329
3,14141216605362	1,40644005531241
5,84074453491095	4,54409424416205
5,9513400596859	4,16138241832356
3,20282998088573	0,89296940614078
3,18047098820795	2,98771399859784
10,6336424230468	5,74372467310181
7,21896098068692	4,59736331897626
7,54913468374291	4,47977132413834
5,26808736528729	-1,42956026151618
3,45572220053611	0,811902913886226
2,84351899121411	0,95763570766624
6,03494901912317	6,45751194946157
6,44971242847584	4,87757445721205
5,46325530296175	5,37588989491285
3,15793751815547	2,12501936676579
7,77719466455814	2,42410484110048
10,1941693772994	4,87839296984203
3,42381203181123	0,947839828964658
4,97243154722004	0,319689667743941
7,71010977705115	2,83623544428626
9,2998137336369	5,96429850773447
3,79351534365561	0,522799907167417
2,71735389912846	1,42965638124044
5,7112818746286	6,16869161070685
3,7484625348257	1,08333943200578
5,69885812300087	9,38105913955721
4,06959289249765	0,912196546548256
6,09476042657108	3,72821321648071
10,3888716269084	5,40042443528241
6,68105978849698	4,9458577986428
3,62587707064215	0,937083688598567
10,3875365845411	5,40610796679041
3,30095087850144	0,70496361917762
6,80043980889391	3,58941578488263
9,62688725646132	1,10516583721808
5,7230078158732	4,84312264098775
10,7276084747905	4,62620991683478
6,35386428308419	4,35971572140881
6,35615198886914	3,77459904665768
3,01788336913523	0,786637943767303
6,54545683189455	4,31534723759474
9,33793985423236	7,34390839859602
6,79022275281996	2,49115766241143
4,33276004639765	-0,277550105284401
6,89138998152529	3,98022471866357
9,60894624904564	7,62194631088512
2,4236574111437	1,85623604229293
2,98360360176314	0,589024350731145
10,1386826420691	5,48645764127181
6,7913585511454	4,49967594146464
4,2089300931928	0,290713912116025
7,29624171341363	4,85180621735473
6,09560210788535	5,74810165975748
9,26617578376293	6,45258800086354
2,88637369182738	1,23417068132654
9,7482223053858	0,532786482824034
4,22630468465206	0,646841056236903
8,40871717082589	8,45869345404217
5,90258864815735	5,43830675860231
6,69234546102485	4,32895942602081
10,7025452703387	5,30738601591812
6,60438605958892	3,81584319150777
8,86371426848377	7,05301481647487
6,02839991725409	3,6444313292558
5,89448626463856	2,92067296523898
9,69423673450778	5,06084880796079
9,70208334165728	5,81525657729321
3,28678182441397	2,07303142849703
6,46406922976717	4,03503444774835
9,74768385978988	6,25163073117729
3,47514508599984	1,27184803545455
6,78203600869572	3,47426939094816
3,18310983158418	1,68091674017605
10,1800774702474	3,79940875058525
8,08561105519808	7,54226768874751
4,19636847204058	0,67776636140194
5,70960521824484	-0,212216817874811
4,76088825182745	-0,466740144230815
10,0443778706079	5,74512903692042
6,94137083120256	3,82944454357426
6,16805967671314	4,17027704199853
10,0020745636827	5,96771293723667
7,67611878246057	2,51481456564376
5,84239938504018	3,8558248429665
10,7868171268163	5,10360282643305
3,38641739614193	1,86249575567688
7,10964542171301	5,16697261460454
6,90876872631464	3,93048079661867
10,7307718075995	5,59768539960197
11,0187755485764	4,40960123586819
6,09260964375957	5,40688653476322
5,79336644965495	2,67192975324604
3,63063308763464	1,20691382538018
10,0748171742916	6,14455284474178
3,92450120739159	-0,313938776601515
3,0162348814745	1,2194998398879
11,0428972223576	3,80023827820185
6,4151937905487	4,36738324137541
6,41256330407282	4,20447183671713
6,24185331976876	5,33360411094635
7,37145986518682	4,84053249346342
6,40247510124255	5,41939016673495
3,34318450178358	0,862392239592193
9,9918792155719	1,40831128744083
7,27767037169577	2,47540636458317
10,8942097422719	1,1658902616533
10,3796313347764	3,72231832257425
6,86076922355181	3,64214797433796
3,1946381113122	3,56169799392822
3,61667559770004	0,150578245735083
6,51409807418318	4,11111074010386
9,6783633984244	7,15510787236656
6,78017081853961	4,2574258700795
5,89484895991438	3,98792737748908
7,51730268064762	7,9629716505663
6,96475099470093	4,64950640268938
7,06343719002257	2,49473225045415
9,8991761434038	6,26219481534329
9,77872047929771	5,87056068684502
7,28883820446722	2,90099774364531
9,7595379638609	6,8723623607012
7,13942345061726	4,70014893631027
9,65198602353643	5,3023344944468
6,80770670971178	2,57488142802396
10,080296344665	5,6262528887678
7,51390287603982	4,44116343235891
10,6621110141087	3,87654184296485
3,05519687740956	0,928290606787761
6,76242117210626	3,95509485219836
10,6885576916211	3,9036320339818
7,07747484765912	3,78100783069308
7,1330791108398	3,7908658456539
4,02785522698378	-0,590034624092385
6,61657693950834	3,15598361943105
7,12778452627744	5,30021939720264
6,81209178838924	4,37620062943907
9,58307123190398	5,68391893091197
2,60980436546788	4,08956114313752
6,00556803439475	4,09434328897751
3,70077506491777	1,68791248631386
6,2513090474595	3,54393295134266
2,55499800146611	2,98887965823863
9,9047700455152	5,82457157464274
5,90963515775937	4,25686376684743
9,90170505726101	3,64545862415883
4,36104776962068	-0,237564645842237
3,35551456928175	3,19096682910231
5,64746908688127	5,00713824094146
3,4293714977526	1,22215973495658
5,67758900547159	4,51407816394616
10,0062780566256	5,56146495142622
5,56392901298938	8,81911430458442
10,2563416537209	6,24644592772307
9,45077134468066	5,94895456599655
6,59021745400128	3,87784095768179
3,22468535291545	2,19812164443464
9,90194699658682	6,49080191517583
7,2990510197801	4,34834921045693
3,35820153502531	1,42500640789941
8,96092687413004	6,1745072187053
8,31045552994839	7,25278035812292
9,72365244253677	5,57627004821589
3,37723254431952	0,885513681637298
9,35843395567795	7,08724875761758
6,8556423961611	4,76177360746257
9,44150824230907	7,1910240931046
5,75048961617937	4,3571489583332
6,80940925708013	4,1459815220092
6,05091592280405	4,86264348756226
5,95780737097644	4,19744810950023
10,6016175749491	1,30356947149406
7,28943545114185	4,00589214184749
